address,flag,our_name,their_symbol,their_source,their_size,their_status,their_owner,match_unit
0x00401000,ADOPT_EXACT,AsciiManager::AsciiManager,AsciiManagerView::AsciiManagerView,src/AnmManager.cpp,251,exact,authored,ascii-manager-constructor
0x004014D0,ADOPT_EXACT,ClearAsciiSecondaryStringsAndTickEaxAbi,AsciiManagerView::ResetStrings,src/AnmManager.cpp,26,exact,authored,ascii-manager-reset-strings
0x004014F0,ADOPT_EXACT,ClearAsciiSecondaryStringsAndTickEcxAbi,AsciiManagerView::OnUpdate,src/AnmManager.cpp,26,exact,authored,ascii-manager-on-update
0x00401510,ADOPT_EXACT,AsciiManager::DrawPrimaryStringsCallback,AsciiManagerView::OnDrawLowPriority,src/AnmManager.cpp,7,exact,authored,ascii-manager-on-draw-low
0x004015C0,ADOPT_EXACT,AddAsciiSecondaryStringEsiAbi,AsciiManagerView::AddGuiString,src/AnmManager.cpp,109,exact,authored,ascii-manager-add-gui-string
0x00401700,ADOPT_EXACT,AddAsciiSecondaryStringFormattedEsiStackAbi,AsciiManagerView::AddGuiFormatText,src/AnmManager.cpp,94,exact,authored,ascii-manager-add-gui-format-text-gs
0x00401C90,IMPORT_EXACT,sub_401C90,AsciiManagerView::GetSize,src/AnmManager.cpp,6,exact,authored,ascii-manager-get-size
0x00401DE0,ADOPT_EXACT,ResetAsciiAnimationVmRecord,AnmVmView::Initialize,src/AnmManager.cpp,273,exact,authored,anm-vm-initialize-private
0x00401F40,ADOPT_EXACT,SetSentinelTripleEaxAbi,AnmVmTimerView::Initialize,src/AnmManager.cpp,15,exact,authored,anm-timer-initialize
0x00401FF0,ADOPT_EXACT,DestroyTitleScreenVmRecordInPlace,AnmVmView::~AnmVmView,src/AnmManager.cpp,34,exact,authored,anm-vm-destructor
0x00402050,ADOPT_EXACT,InitTitleScreenVmRecordEcxAbi,AnmVmView::AnmVmView,src/AnmManager.cpp,88,exact,authored,anm-vm-constructor
0x00405410,ADOPT_EXACT,TickPlayerTimerEaxStackAbi,AnmVmTimerView::SetCurrent,src/AnmManager.cpp,57,exact,authored,anm-vm-timer-set-current
0x004054B0,ADOPT_EXACT,RunItemGetDigitAnimEdxEsiStackAbi,ItemPowerDisplayOwnerView::UpdatePowerDisplay,src/ItemManager.cpp,79,exact,authored,item-power-display
0x00405B60,ADOPT_EXACT,AddPowerValueEaxEcxAbi,GameScoreStateView::AddRank,src/ItemManager.cpp,42,exact,authored,item-rank-add
0x00405BE0,ADOPT_EXACT,ResetSceneTriggerFrameTimersEaxAbi,BulletRuntimeView::Deactivate,src/BulletManager.cpp,158,exact,authored,bullet-runtime-deactivate
0x00406160,ADOPT_EXACT,CheckRegionExitedPlayfield64EcxStackAbi,BulletPositionView::IsOutsidePlayfield,src/BulletManager.cpp,109,exact,authored,bullet-position-bounds
0x004061D0,ADOPT_EXACT,CheckRegionExitedPlayfield0EcxStackAbi,BulletWrapPositionView::IsOutsidePlayfield,src/BulletManager.cpp,109,exact,authored,bullet-wrap-position-bounds
0x00406240,ADOPT_EXACT,UpdateSceneTriggerObjectStackAbi,BulletUpdateRuntime,src/BulletRuntime.cpp,885,exact,authored,bullet-runtime-update
0x004065C0,ADOPT_EXACT,BindEffectTriggerGroupsEcxEcxAbi,BulletManagerView::UpdateBullets,src/BulletManager.cpp,249,exact,authored,bullet-manager-update
0x00406770,ADOPT_EXACT,EffectTriggerGroupCalcCallbackEcxEcxAbi,BulletManagerUpdateCallback,src/BulletManager.cpp,40,exact,authored,bullet-manager-update-callback
0x004074B0,ADOPT_EXACT,UpdateSceneTriggerLaunchSlowdownEsiAbi,BulletRuntimeView::UpdateDeceleration,src/BulletManager.cpp,164,exact,authored,bullet-update-deceleration
0x00407780,ADOPT_EXACT,UpdateSceneTriggerSlowStopRelaunchEsiAbi,BulletRuntimeView::UpdateRelativeDirectionChange,src/BulletManager.cpp,338,exact,authored,bullet-update-relative-direction
0x00407A30,ADOPT_EXACT,UpdateSceneTriggerSlowStopAimPlayerEsiAbi,BulletRuntimeView::UpdateAimedDirectionChange,src/BulletManager.cpp,431,exact,authored,bullet-update-aimed-direction
0x00407BE0,ADOPT_EXACT,UpdateSceneTriggerWallBounceEsiAbi,BulletRuntimeView::UpdateBoundaryBounce,src/BulletManager.cpp,446,exact,authored,bullet-update-boundary-bounce
0x00407EF0,ADOPT_EXACT,UpdateSceneTriggerHomingTurnEsiAbi,BulletRuntimeView::UpdateState8,src/BulletManager.cpp,306,exact,authored,bullet-update-state8
0x00408660,ADOPT_EXACT,AngleDifferenceWrappedStackAbi,BulletAngleDifference,src/BulletManager.cpp,80,exact,authored,bullet-angle-difference
0x004086B0,ADOPT_EXACT,CheckStageEffectPositionInFieldEcxEcxStackAbi,EnemyBulletPositionView::IsOutsidePlayfield,src/EnemyEclDispatcher.cpp,91,exact,authored,enemy-bullet-playfield-bounds
0x00408750,ADOPT_EXACT,SetPolarVelocityThisAbi,AnmOpcodeVectorView::FromAngleMagnitude,src/AnmManager.cpp,30,exact,authored,anm-opcode-vector
0x00409230,ADOPT_EXACT,DispatchSpellBulletPairEcxEcxAbi,AnmPairOwnerDrawCallback,src/AnmManager.cpp,50,exact,authored,anm-pair-owner-draw-callback
0x00409D90,ADOPT_EXACT,AddScoreBlockValueEcxStackAbi,GuiScoreView::Add,src/Gui.cpp,46,exact,authored,gui-score-add
0x00409E50,ADOPT_EXACT,ExpireEntityHandleEaxAbi,EnemyMarkPendingInterrupt,src/EnemyEclDispatcher.cpp,65,exact,authored,enemy-mark-pending-interrupt
0x0040AC90,ADOPT_EXACT,RequestGameStateTransitionEaxStackAbi,MainSupervisorView::SetNextGameMode,src/Main.cpp,37,exact,authored,main-set-next-game-mode
0x0040ACE0,ADOPT_EXACT,PollMenuInputState,FrontEndInputView::IsRepeated,src/FrontEnd.cpp,33,exact,authored,frontend-input-repeated
0x0040AD20,ADOPT_EXACT,Call40AD20,FrontEndCursorSetCurrent,src/FrontEnd.cpp,33,exact,authored,frontend-cursor-set-current
0x0040C540,ADOPT_EXACT,StartTimelineContinuation,AsciiManagerView::EnsureSelectionVm,src/FrontEnd.cpp,75,exact,authored,ascii-manager-ensure-selection-vm
0x0040C5E0,IMPORT_EXACT,sub_40C5E0,EnemyEclHostBaseView::DispatchEclInstruction,src/Enemy.cpp,3,exact,authored,enemy-ecl-host-dispatch-default
0x0040C690,IMPORT_EXACT,sub_40C690,EnemyEclHostBaseView::ReadIntOperand,src/Enemy.cpp,5,exact,authored,enemy-ecl-host-read-int-default
0x0040C6A0,IMPORT_EXACT,sub_40C6A0,EnemyEclHostBaseView::ResolveIntOperand,src/Enemy.cpp,5,exact,authored,enemy-ecl-host-resolve-int-default
0x0040C6B0,IMPORT_EXACT,sub_40C6B0,EnemyEclHostBaseView::ReadFloatOperand,src/Enemy.cpp,9,exact,authored,enemy-ecl-host-read-float-default
0x0040C6C0,IMPORT_EXACT,sub_40C6C0,EnemyEclHostBaseView::ResolveFloatOperand,src/Enemy.cpp,5,exact,authored,enemy-ecl-host-resolve-float-default
0x0040C6E0,ADOPT_EXACT,FreeViewerDeferredListEaxAbi,EnemyEclHostBaseView::ReleaseEclAllocations,src/Enemy.cpp,45,exact,authored,enemy-ecl-release-allocations
0x0040C710,ADOPT_EXACT,InitViewerHeaderEaxAbi,EnemyEclHostBaseView::EnemyEclHostBaseView,src/Enemy.cpp,21,exact,authored,enemy-ecl-host-constructor
0x0040C730,ADOPT_EXACT,InitViewerListsEaxAbi,EnemyEclHostBaseView::ResetEclState,src/Enemy.cpp,71,exact,authored,enemy-ecl-reset-state
0x0040C800,ADOPT_EXACT,ClearViewerTickFlagsEaxAbi,EnemyEclContextView::EnemyEclContextView,src/Enemy.cpp,15,exact,authored,enemy-ecl-context-constructor
0x0040C810,IMPORT_EXACT,sub_40C810,EnemyEclResourceBaseView::LoadPackage,src/Enemy.cpp,5,exact,authored,enemy-ecl-resource-base-load-package
0x0040C820,IMPORT_EXACT,sub_40C820,EnemyEclResourceBaseView::GetScriptData,src/Enemy.cpp,5,exact,authored,enemy-ecl-resource-base-get-script-data
0x0040CC70,ADOPT_EXACT,ResetEclSubObjectFlags,EnemyRuntimeView::EnemyRuntimeView,src/Enemy.cpp,145,exact,authored,enemy-runtime-constructor
0x0040CEA0,ADOPT_EXACT,ReleaseSpellBulletTutorialHandleEsiAbi,EnemyEnableBombShield,src/EnemyEclDispatcher.cpp,36,exact,authored,enemy-enable-shield
0x0040CFB0,ADOPT_EXACT,CreateEclScriptObjectEaxStackAbi,EnemySpawn,src/Enemy.cpp,577,exact,authored,enemy-spawn
0x0040D400,ADOPT_EXACT,ParseAnimSectionStackAbi,EnemyEclResourceView::LoadPackage,src/Enemy.cpp,239,exact,authored,enemy-ecl-resource-load-package
0x0040D680,ADOPT_EXACT,DestroyConditionalStateBufferEsiAbi,EnemyEclResourceView::~EnemyEclResourceView,src/Enemy.cpp,36,exact,authored,enemy-ecl-resource-destructor
0x0040D750,ADOPT_EXACT,TickConditionalStateRecordsFastAbi,EnemyManagerUpdate,src/Enemy.cpp,166,exact,authored,enemy-manager-update
0x0040D810,IMPORT_EXACT,sub_40D810,EnemyManagerUpdateCallback,src/Enemy.cpp,10,exact,authored,enemy-manager-update-callback
0x0040D820,IMPORT_EXACT,sub_40D820,EnemyManagerDrawCallback,src/Enemy.cpp,6,exact,authored,enemy-manager-draw-callback
0x00412A10,ADOPT_EXACT,ResolveEntitySlotPointerEaxEcxAbi,EnemyRuntimeView::ResolveIntArgument,src/EnemyEclDispatcher.cpp,75,exact,authored,enemy-resolve-int-argument
0x00412E70,ADOPT_EXACT,AddMaximumScorePenalty,GameScoreStateView::DecayFaith,src/ItemManager.cpp,46,exact,authored,item-faith-decay
0x00412ED0,ADOPT_EXACT,SetAnimDurationInvalidateCacheEaxEcxAbi,EnemySetChapter,src/EnemyEclDispatcher.cpp,16,exact,authored,enemy-set-chapter
0x00412FF0,ADOPT_EXACT,AdvanceScorePopupTimerEdiStackAbi,GameScoreStateView::ExtendFaithTimer,src/ItemManager.cpp,93,exact,authored,game-score-extend-faith-timer
0x00413170,ADOPT_EXACT,WrapAngleIntoSlot1CEcxStackAbi,EnemySetMotionAngle,src/EnemyMotion.cpp,20,exact,authored,enemy-set-motion-angle
0x00413200,ADOPT_EXACT,LinkChildListNode,AnmVmLayerNodeView::InsertAfter,src/AnmManager.cpp,23,exact,authored,anm-vm-layer-node-insert-after
0x00413270,ADOPT_EXACT,SetPolarVec2SinCosScaledEaxStackAbi,EnemyDropVectorView::FromAngleRadii,src/EnemyEclDispatcher.cpp,30,exact,authored,enemy-drop-vector-from-angle-radii
0x004134B0,ADOPT_EXACT,UpdateRegistrationDrawTiming,FpsCounterView::CalculateFps,src/Main.cpp,280,exact,authored,main-fps-calculate
0x004135D0,ADOPT_EXACT,RegistrationDrawCallback,FpsCounterView::DrawFpsCounter,src/Main.cpp,180,exact,authored,main-fps-draw
0x00413790,ADOPT_EXACT,RefreshLifeIconsEaxStackAbi,GuiSetLivesDisplayCount,src/Gui.cpp,77,exact,authored,gui-set-lives-display-count
0x00417010,ADOPT_EXACT,DecryptTimelineRecordText,th10::leaf::Fn00417010,src/DecomphelpLeafAccessors.cpp,41,exact,authored,game-decomphelp-fulltu-00417010
0x00417800,ADOPT_EXACT,RearmInterpTimerAt40EaxAbi,th10::leaf::Fn00417800,src/DecomphelpLeafAccessors.cpp,58,exact,authored,game-decomphelp-fulltu-00417800
0x004187D0,ADOPT_EXACT,TitleScreenDrawCallback,GameManager::OnDraw,src/GameManager.cpp,31,exact,authored,decomphelp-game-manager-on-draw
0x00418A90,ADOPT_EXACT,AdvanceTitleMenuItemIndexEaxAbi,th10::leaf::Fn00418A90,src/DecomphelpLeafAccessors.cpp,20,exact,authored,game-decomphelp-fulltu-00418a90
0x00418B80,ADOPT_EXACT,SeedFrameStateCounter,GameScoreStateView::SetFaith,src/ItemManager.cpp,73,exact,authored,game-score-set-faith
0x0041AB70,ADOPT_EXACT,ResetTipEntityMotionEdxEcxStackAbi,AnmVmView::StartScaleInterpolation,src/AnmManager.cpp,136,exact,authored,anm-start-scale-interpolation
0x0041BA00,ADOPT_EXACT,BulletCalcRecordCallbackEcxStackAbi,ItemManagerView::OnUpdate,src/ItemManager.cpp,48,exact,authored,item-manager-update-callback
0x0041BA30,ADOPT_EXACT,TickEffectPoolSlotsGuarded,ItemManagerView::OnDraw,src/ItemManager.cpp,29,exact,authored,item-manager-draw-callback
0x0041BE80,ADOPT_EXACT,AddPivValueEcxStackAbi,GameScoreStateView::AddFaith,src/ItemManager.cpp,46,exact,authored,item-faith-add
0x0041BEB0,ADOPT_EXACT,SetPolarVectorThiscall,ItemVectorView::FromAngleMagnitude,src/ItemManager.cpp,30,exact,authored,item-vector-from-angle-magnitude
0x0041C7D0,ADOPT_EXACT,MarkStageObjectsPendingEaxAbi,EnemyWaitForEffect,src/EnemyEclDispatcher.cpp,44,exact,authored,enemy-wait-for-effect
0x0041C850,ADOPT_EXACT,BroadcastBulletClearEaxAbi,EnemyApplyBulletClear,src/EnemyEclDispatcher.cpp,44,exact,authored,enemy-apply-bullet-clear
0x0041F7A0,ADOPT_EXACT,IsBoxOutsidePlayfieldEcxStackAbi,EnemyLaserVectorView::IsOutsidePlayfield,src/EnemyLaser.cpp,91,exact,authored,enemy-laser-playfield-bounds
0x00424D90,ADOPT_EXACT,ResetOptionPositionRecordsEsiAbi,PlayerResetRuntimeState,src/Player.cpp,273,exact,authored,player-reset-runtime-state
0x00426610,ADOPT_EXACT,ComputeDeathBurstAngleEcxEaxAbi,PlayerAngleToPoint,src/Player.cpp,67,exact,authored,player-angle-to-point
0x00426660,ADOPT_EXACT,AngleToPlayerPositionEaxEcxAbi,EnemyAngleFromPlayer,src/Enemy.cpp,67,exact,authored,enemy-angle-from-player
0x004266B0,ADOPT_EXACT,CheckEnemyTimeoutRegionEaxEdxEcxAbi,PlayerCollisionPositionView::CheckPlayerCollision,src/PlayerCollision.cpp,316,exact,authored,player-collision-check
0x00427C50,ADOPT_EXACT,FloorfToDoubleStackAbi,PlayerFloor,src/Player.cpp,21,exact,authored,player-floor
0x00427C70,ADOPT_EXACT,IsTimerFrameMultiple,PlayerTimerView::HasIntervalTick,src/Player.cpp,29,exact,authored,player-timer-interval
0x00428D70,ADOPT_EXACT,IsOutsidePlayfieldBox,PlayerShotBoundsView::IsOutsidePlayfield,src/Player.cpp,91,exact,authored,player-shot-outside-playfield
0x0042A930,ADOPT_EXACT,RestoreReplayGameContext,GameScoreStateView::SetTimerCurrent,src/ItemManager.cpp,59,exact,authored,game-score-set-timer-current
0x0042C5C0,ADOPT_EXACT,SetGameManagerState,FrontEndControllerView::SetScreenTarget,src/FrontEnd.cpp,83,exact,authored,frontend-set-screen
0x0042C620,ADOPT_EXACT,SetGameManagerSubState,FrontEndControllerView::SetScreenStateTarget,src/FrontEnd.cpp,80,exact,authored,frontend-set-screen-state
0x0042C6D0,ADOPT_EXACT,ReleaseManagerSlotEntity,FrontEndDeleteVm,src/FrontEnd.cpp,83,exact,authored,frontend-delete-vm
0x00434C10,ADOPT_EXACT,ZeroFillReaderSlotEcxAbi,PbgArchive::PbgArchive,src/PbgArchive.cpp,16,exact,authored,pbgarchive-constructor
0x00434C20,IMPORT_EXACT,sub_434C20,PbgArchive::~PbgArchive,src/PbgArchive.cpp,10,exact,authored,pbgarchive-destructor
0x00434D10,ADOPT_EXACT,ReleaseVersionDataSlotEsiAbi,PbgArchive::Release,src/PbgArchive.cpp,86,exact,authored,pbgarchive-release
0x00434EF0,ADOPT_EXACT,FindArchiveLeafEntryInsensitiveEaxEbxAbi,PbgArchive::GetEntryDecompressedSize,src/PbgArchive.cpp,51,exact,authored,pbgarchive-get-entry-decompressed-size
0x00434F30,ADOPT_EXACT,FindSectionEntryByNameEaxEbxAbi,PbgArchive::FindEntry,src/PbgArchive.cpp,53,exact,authored,pbgarchive-find-entry
0x00435220,ADOPT_EXACT,GameDuplicateString,PbgArchive::CopyFileName,src/PbgArchive.cpp,47,exact,authored,pbgarchive-copy-file-name
0x00435250,ADOPT_EXACT,ReleaseArchiveEntryStringEcxAbi,PbgArchiveEntry::~PbgArchiveEntry,src/PbgArchive.cpp,26,exact,authored,pbgarchive-entry-destructor
0x00435270,ADOPT_EXACT,AdvanceArchiveIndexCursorEaxAbi,PbgArchive::SeekPastInt,src/PbgArchive.cpp,12,exact,authored,pbgarchive-seek-past-int
0x00435300,ADOPT_EXACT,ConstructOsFileReaderEaxAbi,CPbgFile::CPbgFile,src/PbgFile.cpp,21,exact,authored,pbgfile-constructor
0x00435340,ADOPT_EXACT,CloseOsFileReaderEcxAbi,CPbgFile::~CPbgFile,src/PbgFile.cpp,46,exact,authored,pbgfile-destructor
0x00435370,ADOPT_EXACT,OpenOsFileReaderEcxStackAbi,CPbgFile::Open,src/PbgFile.cpp,239,exact,authored,pbgfile-open
0x00435460,ADOPT_EXACT,CloseArchiveReaderFile,CPbgFile::Close,src/PbgFile.cpp,34,exact,authored,pbgfile-close
0x00435490,ADOPT_EXACT,ReadOsFileReaderEcxAbi,CPbgFile::Read,src/PbgFile.cpp,57,exact,authored,pbgfile-read
0x004354D0,ADOPT_EXACT,WriteArchiveReader,CPbgFile::Write,src/PbgFile.cpp,63,exact,authored,pbgfile-write
0x00435510,ADOPT_EXACT,TellArchiveReaderPosition,CPbgFile::Tell,src/PbgFile.cpp,25,exact,authored,pbgfile-tell
0x00435530,ADOPT_EXACT,GetArchiveReaderFileSize,CPbgFile::GetSize,src/PbgFile.cpp,21,exact,authored,pbgfile-get-size
0x00435550,ADOPT_EXACT,SeekOsFileReaderEcxAbi,CPbgFile::Seek,src/PbgFile.cpp,37,exact,authored,pbgfile-seek
0x00435580,ADOPT_EXACT,ReadWholeArchiveReaderFile,CPbgFile::ReadWholeFile,src/PbgFile.cpp,137,exact,authored,pbgfile-read-whole-file
0x00435610,ADOPT_EXACT,ResolveLeafPathEcxStackAbi,CPbgFile::GetFullFilePath,src/PbgFile.cpp,121,exact,authored,pbgfile-get-full-file-path
0x004359B0,ADOPT_EXACT,CompressReplayImageStdcallAbi,CompressData,src/Lzss.cpp,1029,exact,authored,lzss-compress-data
0x00435FA0,ADOPT_EXACT,MarkArchiveSlotPendingEaxAbi,Lzss::InitTree,src/Lzss.cpp,36,exact,authored,lzss-init-tree
0x00436000,ADOPT_EXACT,InsertMatchNodeEcxEdxStackAbi,Lzss::AddString,src/Lzss.cpp,516,exact,authored,lzss-add-string
0x00436210,ADOPT_EXACT,DeleteMatchNodeEcxAbi,Lzss::DeleteString,src/Lzss.cpp,80,exact,authored,lzss-delete-string
0x00436260,ADOPT_EXACT,SpliceChildUpEdxEsiAbi,Lzss::ContractNode,src/Lzss.cpp,79,exact,authored,lzss-contract-node
0x004362B0,ADOPT_EXACT,SpliceReplacementEaxEcxAbi,Lzss::ReplaceNode,src/Lzss.cpp,117,exact,authored,lzss-replace-node
0x00436330,ADOPT_EXACT,FindRightmostLeftDescendantEaxAbi,Lzss::FindNextNode,src/Lzss.cpp,49,exact,authored,lzss-find-next-node
0x00436370,IMPORT_EXACT,sub_436370,CMemoryPbgFile::Write,src/ResFile.cpp,5,exact,authored,memory-pbgfile-write
0x00436380,ADOPT_EXACT,ConstructMemoryReaderEaxAbi,CMemoryPbgFile::CMemoryPbgFile,src/ResFile.cpp,18,exact,authored,memory-pbgfile-constructor
0x004363C0,ADOPT_EXACT,CloseMemoryReaderEcxAbi,CMemoryPbgFile::~CMemoryPbgFile,src/ResFile.cpp,49,exact,authored,memory-pbgfile-destructor
0x00436400,ADOPT_EXACT,OpenMemoryReaderEcxStackAbi,CMemoryPbgFile::Open,src/ResFile.cpp,46,exact,authored,memory-pbgfile-open
0x00436430,ADOPT_EXACT,ReleaseMemoryReaderBufferEcxAbi,CMemoryPbgFile::Close,src/ResFile.cpp,37,exact,authored,memory-pbgfile-close
0x00436460,ADOPT_EXACT,ReadMemoryReaderEcxAbi,CMemoryPbgFile::Read,src/ResFile.cpp,108,exact,authored,memory-pbgfile-read
0x004364D0,IMPORT_EXACT,sub_4364D0,CMemoryPbgFile::Tell,src/ResFile.cpp,7,exact,authored,memory-pbgfile-tell
0x004364E0,IMPORT_EXACT,sub_4364E0,CMemoryPbgFile::GetSize,src/ResFile.cpp,4,exact,authored,memory-pbgfile-get-size
0x004392E0,ADOPT_EXACT,InitializeMainChainSystemSettings,MainInitializeSystemParameters,src/Main.cpp,100,exact,authored,main-initialize-system-parameters
0x00439540,ADOPT_EXACT,GetMainChainFrameTime,GameWindowView::GetTimestamp,src/Main.cpp,282,exact,authored,main-get-timestamp-fps
0x00439660,ADOPT_EXACT,GetMainChainFrameTimeUnlocked,MainGetTimestampUnlocked,src/Main.cpp,152,exact,authored,main-get-timestamp-unlocked
0x00439730,ADOPT_EXACT,CreateMainChainWindow,GameWindowView::CreateGameWindow,src/Main.cpp,341,exact,authored,main-create-game-window
0x00439D20,ADOPT_EXACT,RestoreMainChainD3DRenderStates,GameWindowView::ResetRenderState,src/Main.cpp,710,exact,authored,main-reset-render-state
0x0043AEB0,ADOPT_EXACT,ReleaseEndingMidiHeaderEdxAbi,MidiOutputView::UnprepareHeader,src/Midi.cpp,79,exact,authored,midi-unprepare-header
0x0043CB80,ADOPT_EXACT,NextMenuRandomEcxEdiAbi,AnmRandomU32InRange,src/AnmManager.cpp,88,exact,authored,anm-random-u32-in-range
0x0043DAB0,ADOPT_EXACT,DestroyPreviousBgmStream,SoundPlayerView::StopBgm,src/Sound.cpp,176,exact,authored,sound-player-stop-bgm
0x0043DC90,ADOPT_EXACT,QueueEffectRingValueEcxStackAbi,EnemySoundQueueView::QueueSoundSample,src/EnemyEclDispatcher.cpp,123,exact,authored,enemy-sound-queue-sample
0x0043DD10,ADOPT_EXACT,QueueBulletDeathEffectEbxEsiStackAbi,EnemySoundQueueView::QueueSoundCue,src/EnemyEclDispatcher.cpp,149,exact,authored,enemy-sound-queue-cue
0x0043E5A0,ADOPT_EXACT,InitializeAsciiAnimationVmEntry,AnmLoadedView::SetSprite,src/AnmManager.cpp,356,exact,authored,anm-loaded-set-sprite
0x0043E7E0,ADOPT_EXACT,BindEffectScriptContextEaxEcxDxAbi,AnmLoadedView::SetAndExecuteScriptIndex,src/AnmManager.cpp,194,exact,authored,anm-loaded-set-and-execute-script-index
0x0043EAC0,ADOPT_EXACT,ReadVmFloatRegister,AnmVmView::GetFloatVar,src/AnmManager.cpp,424,exact,authored,anm-get-float-var
0x0043EC70,ADOPT_EXACT,ReadEnemyScriptVarEdxEcxAbi,AnmVmView::GetIntVar,src/AnmManager.cpp,144,exact,authored,anm-get-int-var
0x0043ED00,IMPORT_EXACT,sub_43ED00,AnmVmView::GetFloatVarPtr,src/AnmManager.cpp,156,exact,authored,anm-get-float-var-ptr
0x0043EDA0,ADOPT_EXACT,ResolveEnemyScriptVarSlotEaxAbi,AnmVmView::GetIntVarPtr,src/AnmManager.cpp,132,exact,authored,anm-get-int-var-ptr
0x00441E50,ADOPT_EXACT,ScaleInterpolationTripleEdiEsiAbi,AnmInt3View::operator*,src/AnmManager.cpp,56,exact,authored,anm-int3-scale
0x00441EF0,ADOPT_EXACT,PolarToCartesianEcxAbi,AnmScriptVectorView::FromAngleMagnitude,src/AnmManager.cpp,30,exact,authored,anm-script-vector
0x00441F50,ADOPT_EXACT,BeginCameraTweenEaxStackAbi,AnmVmView::StartSecondaryAlphaInterpolation,src/AnmManager.cpp,116,exact,authored,anm-start-secondary-alpha-interpolation
0x00442050,ADOPT_EXACT,BeginCameraColorTweenEaxAbi,AnmVmView::StartSecondaryColorInterpolation,src/AnmManager.cpp,208,exact,authored,anm-start-secondary-color-interpolation
0x00442220,ADOPT_EXACT,SetupRgbInterpolation,AnmVmView::StartPrimaryColorInterpolation,src/AnmManager.cpp,208,exact,authored,anm-start-primary-color-interpolation
0x004423C0,ADOPT_EXACT,ScaleBrightnessClamp255Abi,MixAnmColor,src/AnmManager.cpp,25,exact,authored,anm-mix-color
0x004423E0,ADOPT_EXACT,ApplyEntityRenderStateEaxEbxAbi,AnmRenderManagerView::SetRenderStateForVm3D,src/AnmManager.cpp,440,exact,authored,anm-render-set-state-for-vm-3d
0x004425A0,ADOPT_EXACT,ApplyOwnerRenderModesEaxEdiAbi,AnmRenderManagerView::SetRenderStateForVm,src/AnmManager.cpp,201,exact,authored,anm-render-set-state-for-vm
0x00442670,ADOPT_EXACT,SubmitAsciiGlyphScratchQuad,AnmRenderManagerView::DrawInner,src/AnmManager.cpp,1111,exact,authored,anm-render-draw-inner
0x00442F30,ADOPT_EXACT,InitializeOwnerVertexFreeListEaxAbi,AnmRenderManagerView::ClearVertexBuffer,src/AnmManager.cpp,29,exact,authored,anm-render-clear-vertex-buffer
0x00442F50,ADOPT_EXACT,FlushRenderOwnerPendingVertices,AnmRenderManagerView::FlushVertexBuffer,src/AnmManager.cpp,133,exact,authored,anm-render-flush-vertex-buffer
0x00442FE0,ADOPT_EXACT,AppendAsciiGlyphScratchQuadAsTriangles,AnmRenderManagerView::AddSpriteToDrawBuffer,src/AnmManager.cpp,157,exact,authored,anm-render-add-sprite-to-buffer
0x00443080,ADOPT_EXACT,DrawAsciiAnimationVmUnscaled,AnmRenderManagerView::DrawNoRotation,src/AnmManager.cpp,515,exact,authored,anm-render-draw-no-rotation
0x00443290,ADOPT_EXACT,DrawAsciiAnimationVmScaled,AnmRenderManagerView::DrawNoRotationNoRound,src/AnmManager.cpp,486,exact,authored,anm-render-draw-no-rotation-no-round
0x004436C0,ADOPT_EXACT,DrawAsciiAnimationVmRotatedMode1,AnmRenderManagerView::Draw2D,src/AnmManager.cpp,591,exact,authored,anm-render-draw-2d
0x00443910,ADOPT_EXACT,DrawAsciiAnimationVmRotatedMode3,AnmRenderManagerView::Draw2DRotatedOrAxisAligned,src/AnmManager.cpp,591,exact,authored,anm-render-draw-2d-rotated-or-axis-aligned
0x00443B60,ADOPT_EXACT,BuildPerspectiveAsciiGlyphQuad,AnmRenderManagerView::ProjectCameraFacingQuad,src/AnmManager.cpp,1047,exact,authored,anm-render-project-camera-facing-quad
0x00443F80,ADOPT_EXACT,DrawAsciiAnimationVmProjectedMode4,AnmRenderManagerView::DrawCameraFacingQuad,src/AnmManager.cpp,33,exact,authored,anm-render-draw-camera-facing-quad
0x00444240,ADOPT_EXACT,BuildAndProjectMode7AsciiGlyphQuad,AnmRenderManagerView::Project3DQuad,src/AnmManager.cpp,818,exact,authored,anm-render-project-3d-quad
0x00444580,ADOPT_EXACT,DrawAsciiAnimationVmProjectedMode5,AnmRenderManagerView::DrawProjected3DQuad,src/AnmManager.cpp,60,exact,authored,anm-render-draw-projected-3d-quad
0x004445C0,ADOPT_EXACT,DrawAsciiAnimationVmProjectedFoggedMode7,AnmRenderManagerView::DrawMode7,src/AnmManager.cpp,402,exact,authored,anm-render-draw-mode-7
0x00444760,ADOPT_EXACT,DrawAsciiAnimationVmMode8,AnmRenderManagerView::Draw3D,src/AnmManager.cpp,929,exact,authored,anm-render-draw-3d
0x00444B10,ADOPT_EXACT,BuildHorizontalRibbonVerticesEaxCcxAbi,AnmRenderManagerView::InitializeHorizontalTextureStrip,src/AnmManager.cpp,201,exact,authored,anm-initialize-horizontal-texture-strip
0x00444BE0,ADOPT_EXACT,BuildVerticalRibbonVerticesEaxCcxAbi,AnmRenderManagerView::InitializeVerticalTextureStrip,src/AnmManager.cpp,201,exact,authored,anm-initialize-vertical-texture-strip
0x00444CE0,ADOPT_EXACT,DrawAsciiAnimationVmMode9,AnmRenderManagerView::DrawGeneratedVertices,src/AnmManager.cpp,224,exact,authored,anm-render-draw-generated-vertices
0x004450E0,ADOPT_EXACT,DrawRibbonStripIndexedEcxAbi,AnmRenderManagerView::DrawTexturedTriangleFan,src/AnmManager.cpp,211,exact,authored,anm-render-draw-textured-triangle-fan
0x004451C0,ADOPT_EXACT,DispatchAsciiAnimationVmRenderMode,AnmRenderManagerView::Draw,src/AnmManager.cpp,216,exact,authored,anm-render-draw
0x00445620,ADOPT_EXACT,RibbonFrameUpdateCallback,UpdatePulsingRadialTrail,src/AnmManager.cpp,598,exact,authored,anm-update-pulsing-radial-trail
0x00445880,ADOPT_EXACT,DrawRibbonStripFromWorkEcxAbi,DrawPulsingRadialTrail,src/AnmManager.cpp,25,exact,authored,anm-draw-pulsing-radial-trail
0x004458B0,ADOPT_EXACT,PolarToCartesianStripEcxAbi,AnmFloat3View::FromAngleMagnitude,src/AnmManager.cpp,30,exact,authored,anm-float3-from-angle-magnitude
0x004462F0,ADOPT_EXACT,InitializeLargeRenderOwner,AnmRenderManagerView::SetupVertexBuffer,src/AnmManager.cpp,472,exact,authored,anm-setup-vertex-buffer
0x00446EB0,ADOPT_EXACT,CreateTextureFromEncodedStageData,AnmRenderManagerView::CreateTextureFromFile,src/AnmManager.cpp,132,exact,authored,anm-resource-create-texture-from-file
0x00446F40,ADOPT_EXACT,CreateTextureAndUploadStagePixels,AnmRenderManagerView::CreateTextureFromAnm,src/AnmManager.cpp,264,exact,authored,anm-resource-create-texture-from-anm
0x00447050,ADOPT_EXACT,CreateEmptyStageTexture,AnmRenderManagerView::CreateEmptyTexture,src/AnmManager.cpp,41,exact,authored,anm-resource-create-empty-texture
0x00447280,ADOPT_EXACT,RequestManagerWork,AnmRenderManagerView::PreloadAnm,src/AnmManager.cpp,81,exact,authored,anm-manager-preload-anm
0x004473C0,ADOPT_EXACT,AdvanceManagerWorkParseStackAbi,AnmRenderManagerView::PostloadAnmEntry,src/AnmManager.cpp,174,exact,authored,anm-resource-postload-entry
0x00447940,ADOPT_EXACT,StoreWorkImageMaterialEaxEdxEbxAbi,AnmLoadedView::LoadSprite,src/AnmManager.cpp,143,exact,authored,anm-resource-load-sprite
0x004479D0,ADOPT_EXACT,SubmitTimelineTextDispatch,AnmRenderManagerView::DrawTextInner,src/AnmManager.cpp,127,exact,authored,anm-text-inner-gs
0x00447A50,ADOPT_EXACT,AddTipTextLeftEaxStackAbi,AnmRenderManagerView::DrawTextLeft,src/AnmManager.cpp,141,exact,authored,anm-text-left-gs
0x00447AE0,ADOPT_EXACT,AddTipTextRightEaxStackAbi,AnmRenderManagerView::DrawTextRight,src/AnmManager.cpp,204,exact,authored,anm-text-right-gs
0x00447BB0,ADOPT_EXACT,AddTipTextCenteredEaxStackAbi,AnmRenderManagerView::DrawTextCentered,src/AnmManager.cpp,194,exact,authored,anm-text-centered-gs
0x00447F70,ADOPT_EXACT,ReleaseLargeRenderOwnerCachedSurfacePair,AnmRenderManagerView::ReleaseSurface,src/AnmManager.cpp,87,exact,authored,anm-surface-release
0x00448450,ADOPT_EXACT,SubmitLargeRenderOwnerFirstDeferredBatch,AnmRenderManagerView::CaptureToSurface,src/AnmManager.cpp,379,exact,authored,anm-surface-capture-to-surface
0x00448860,ADOPT_EXACT,UpdateLargeRenderOwnerListA,AnmRenderManagerView::UpdatePrimaryVms,src/AnmManager.cpp,149,exact,authored,anm-manager-update-primary-vms
0x00448980,ADOPT_EXACT,DrawLargeRenderOwnerKindChain,AnmRenderManagerView::DrawLayer,src/AnmManager.cpp,67,exact,authored,anm-manager-draw-layer
0x004489D0,ADOPT_EXACT,LinkEntityAndAssignIdEaxEsiAbi,AnmRenderManagerView::AddVmVariant0,src/AnmManager.cpp,118,exact,authored,anm-manager-add-vm-primary-tail
0x00448A50,ADOPT_EXACT,LinkEntityFrontAndAssignIdEaxEsiAbi,AnmRenderManagerView::AddVmVariant2,src/AnmManager.cpp,112,exact,authored,anm-manager-add-vm-primary-head
0x00448AC0,ADOPT_EXACT,AttachEffectVmToListB,AnmRenderManagerView::AddVmVariant1,src/AnmManager.cpp,118,exact,authored,anm-manager-add-vm-secondary-tail
0x00448B40,ADOPT_EXACT,AttachEffectVmToListBFront,AnmRenderManagerView::AddVmVariant3,src/AnmManager.cpp,112,exact,authored,anm-manager-add-vm-secondary-head
0x00448BB0,ADOPT_EXACT,InitializeLargeRenderOwner,AnmRenderManagerView::RemoveVm,src/AnmManager.cpp,268,exact,authored,anm-manager-remove-vm
0x00448D00,ADOPT_EXACT,SpawnSetupEffectVmListABack,AnmLoadedView::CreateVmVariant0,src/AnmManager.cpp,73,exact,authored,anm-loaded-create-vm-variant0
0x00448D50,ADOPT_EXACT,CreateTimelineContinuationRenderObject,AnmLoadedView::CreateVmAtScreenVariant0,src/AnmManager.cpp,95,exact,authored,anm-create-vm-screen-variant0
0x00448E30,ADOPT_EXACT,SpawnSetupEffectVmListAFront,AnmLoadedView::CreateVmVariant2,src/AnmManager.cpp,73,exact,authored,anm-loaded-create-vm-variant2
0x00448E80,ADOPT_EXACT,SpawnStageEffectPresetFrontEdiStackAbi,AnmLoadedView::CreateVmAtScreenVariant2,src/AnmManager.cpp,95,exact,authored,anm-create-vm-screen-variant2
0x00448F60,ADOPT_EXACT,SpawnSetupEffectVmListBBack,AnmLoadedView::CreateVmVariant1,src/AnmManager.cpp,73,exact,authored,anm-loaded-create-vm-variant1
0x00448FB0,ADOPT_EXACT,SpawnStageEffectPresetListBEdiStackAbi,AnmLoadedView::CreateVmAtScreenVariant1,src/AnmManager.cpp,95,exact,authored,anm-create-vm-screen-variant1
0x00449090,ADOPT_EXACT,SpawnSetupEffectVmListBFront,AnmLoadedView::CreateVmVariant3,src/AnmManager.cpp,73,exact,authored,anm-loaded-create-vm-variant3
0x004490E0,ADOPT_EXACT,SpawnStageEffectPresetListBFrontEdiStackAbi,AnmLoadedView::CreateVmAtScreenVariant3,src/AnmManager.cpp,95,exact,authored,anm-create-vm-screen-variant3
0x004491C0,ADOPT_EXACT,ResolveTipEntityEaxStackAbi,AnmRenderManagerView::FindVm,src/AnmManager.cpp,73,exact,authored,anm-manager-find-vm
0x00449210,ADOPT_EXACT,StopEntityById,AnmRenderManagerView::SetVmPendingInterrupt,src/AnmManager.cpp,54,exact,authored,anm-manager-set-vm-pending-interrupt
0x00449250,ADOPT_EXACT,SetEntityStopWordByIdAndRun,AnmRenderManagerView::SetVmPendingInterruptAndExecute,src/AnmManager.cpp,76,exact,authored,anm-manager-set-vm-pending-interrupt-and-execute
0x004492A0,ADOPT_EXACT,ReleaseEntityById,AnmRenderManagerView::MarkVmForDeletion,src/AnmManager.cpp,66,exact,authored,anm-manager-mark-vm-for-deletion
0x004492F0,ADOPT_EXACT,SetEntityPositionDirectEsiAbi,AnmRenderManagerView::SetVmPosition,src/AnmManager.cpp,90,exact,authored,anm-manager-set-vm-position
0x00449350,ADOPT_EXACT,SetEntityPositionOffsetEsiAbi,AnmRenderManagerView::SetVmWorldPosition,src/AnmManager.cpp,111,exact,authored,anm-manager-set-vm-world-position
0x004493E0,ADOPT_EXACT,ReleaseEntitiesUsingResourceEaxEdxAbi,AnmRenderManagerView::MarkLoadedVmsForDeletion,src/AnmManager.cpp,92,exact,authored,anm-manager-mark-loaded-vms-for-deletion
0x00449450,ADOPT_EXACT,RefreshTimelineTextHandle,AnmVmIdView::GetVm,src/AnmVmId.cpp,21,exact,authored,anm-vm-id-get-vm
0x00449470,ADOPT_EXACT,SetEntityStateWordEaxEsiAbi,AnmVmIdView::SetInterrupt,src/AnmVmId.cpp,65,exact,authored,anm-vm-id-set-interrupt
0x00449590,ADOPT_EXACT,StopTimelineEntityTreeEaxAbi,AnmVmIdView::SetFlag2,src/AnmVmId.cpp,67,exact,authored,anm-vm-id-set-flag2
0x004495E0,ADOPT_EXACT,ClearEntityFlag2ByHandleSlot,AnmVmIdView::ClearFlag2,src/AnmVmId.cpp,67,exact,authored,anm-vm-id-clear-flag2
0x00449630,ADOPT_EXACT,SetTimelineObjectPhase,AnmVmIdView::Release,src/AnmVmId.cpp,21,exact,authored,anm-vm-id-release
0x00449670,ADOPT_EXACT,SetEntityGlyphFromHandleEaxStackAbi,AnmVmIdView::SetSprite,src/AnmVmId.cpp,36,exact,authored,anm-vm-id-set-sprite-own
0x004496D0,ADOPT_EXACT,RebindEntitySlotEaxStackAbi,AnmSetVmScriptIndexAndExecute,src/AnmManager.cpp,36,exact,authored,anm-set-vm-script-index-and-execute
0x00449E50,ADOPT_EXACT,SweepSchedulerListEaxAbi,Chain::RemoveAllFromList,src/Chain.cpp,82,exact,authored,decomphelp-chain-remove-all
0x00449F60,ADOPT_EXACT,DetachSchedulerNodeEcxEdxAbi,Chain::UnregisterElem,src/Chain.cpp,114,exact,authored,decomphelp-chain-unregister
0x0044B7E0,ADOPT_EXACT,CloseReplayFileReader,FileSystem::CloseWriteFile,src/FileSystem.cpp,37,exact,authored,file-system-close-write-file
0x0044B810,ADOPT_EXACT,AppendMainChainErrorLogFormatEcxEfxAbi,GameErrorContext::Log,src/GameErrorContext.cpp,201,exact,authored,decomphelp-game-error-log
0x0044B8E0,ADOPT_EXACT,AppendMainChainErrorLogFormatEdiEfxAbi,GameErrorContext::Fatal,src/GameErrorContext.cpp,201,exact,authored,decomphelp-game-error-fatal
0x0044B9B0,ADOPT_EXACT,TimelinePrngAdvanceSingleEcxEaxAbi,RngView::GetRandomU16,src/RandomMath.cpp,39,exact,authored,rng-get-random-u16
0x0044B9E0,ADOPT_EXACT,TimelinePrngDrawPairEcxEaxAbi,RngView::GetRandomU32,src/RandomMath.cpp,78,exact,authored,rng-get-random-u32
0x0044BB20,ADOPT_EXACT,TimelinePrngDrawUnitDoubleEcxEfiAbi,RngView::GetRandomF32,src/RandomMath.cpp,109,exact,authored,rng-get-random-f32
0x0044BB90,ADOPT_EXACT,TimelinePrngDrawSignedDoubleEcxEfiAbi,RngView::GetRandomF32Signed,src/RandomMath.cpp,115,exact,authored,rng-get-random-f32-signed
0x0044BC10,ADOPT_EXACT,WrapAngleSumStackAbi,AddNormalizeAngle,src/AnmManager.cpp,94,exact,authored,anm-add-normalize-angle
0x0044BC70,ADOPT_EXACT,WrapAngleToPi,EnemyWrapAngle,src/EnemyEclDispatcher.cpp,94,exact,authored,enemy-wrap-angle
0x0044BE20,ADOPT_EXACT,RunManagerCursorHandle,FrontEndCursorView::Push,src/FrontEnd.cpp,66,exact,authored,frontend-cursor-push
0x0044BE70,ADOPT_EXACT,Call44BE70,FrontEndCursorView::Pop,src/FrontEnd.cpp,47,exact,authored,frontend-cursor-pop
0x0044BEA0,ADOPT_EXACT,ShiftManagerSelector,FrontEndCursorView::Move,src/FrontEnd.cpp,128,exact,authored,frontend-cursor-move
0x0044BF40,ADOPT_EXACT,ShiftTimerByEsiStackAbi,AnmVmTimerView::Add,src/AnmManager.cpp,88,exact,authored,anm-vm-timer-add
0x0044C5D0,ADOPT_EXACT,PolarToCartesianEdiAbi,EnemyRuntimeVectorView::FromAngleMagnitude,src/Enemy.cpp,30,exact,authored,enemy-runtime-vector
0x0044D110,ADOPT_EXACT,InitializeTransitionSoundBuffer,CSound::FillBufferWithSound,src/ZWave.cpp,483,exact,authored,zwave-csound-fill
0x0044D300,ADOPT_EXACT,EnsureTransitionBufferRestoredEsiEbxAbi,CSound::RestoreBuffer,src/ZWave.cpp,98,exact,authored,zwave-csound-restore-buffer
0x0044D370,ADOPT_EXACT,SelectTransitionSoundSlot,CSound::GetFreeBuffer,src/ZWave.cpp,103,exact,authored,zwave-csound-get-free-buffer
0x0044D440,ADOPT_EXACT,StartTransitionSoundAdapter,CSound::Play,src/ZWave.cpp,145,exact,authored,zwave-csound-play
0x0044D4E0,ADOPT_EXACT,SetTransitionBufferVolume,CSound::SetVolume,src/ZWave.cpp,106,exact,authored,zwave-csound-set-volume
0x0044D550,ADOPT_EXACT,StopAndRewindTransitionSoundAdapter,CSound::Stop,src/ZWave.cpp,82,exact,authored,zwave-csound-stop
0x0044D5B0,ADOPT_EXACT,StopBgmStreamAdapter,CSound::Pause,src/ZWave.cpp,29,exact,authored,zwave-csound-pause
0x0044D5D0,ADOPT_EXACT,StartBgmStreamAdapter,CSound::Unpause,src/ZWave.cpp,41,exact,authored,zwave-csound-unpause
0x0044D600,ADOPT_EXACT,RewindTransitionSoundAdapter,CSound::Reset,src/ZWave.cpp,61,exact,authored,zwave-csound-reset
0x0044DCA0,ADOPT_EXACT,RebindBgmStreamSourceDescriptor,CWaveFile::Reopen,src/ZWave.cpp,78,exact,authored,zwave-wave-file-reopen
0x0044DD40,ADOPT_EXACT,RewindBgmStreamSource,CWaveFile::ResetFile,src/ZWave.cpp,194,exact,authored,zwave-wave-file-reset
0x0044DE10,ADOPT_EXACT,CopyBgmStreamSourceData,CWaveFile::Read,src/ZWave.cpp,202,exact,authored,zwave-wave-file-read
0x0044FD10,ADOPT_EXACT,RunEclContextListEdiStackAbi,EclVmHost::Run,src/EclVm.cpp,146,exact,authored,ecl-vm-host-run
0x0044FE40,ADOPT_EXACT,EclVmEvalFloatArgFromIns,EclVmContext::ReadFloat,src/EclVm.cpp,183,exact,authored,ecl-vm-read-float
0x0044FF00,ADOPT_EXACT,EclVmEvalIntArg,EclVmContext::ReadIntValue,src/EclVm.cpp,124,exact,authored,ecl-vm-read-int-value
0x0044FF80,ADOPT_EXACT,EclVmEvalFloatArg,EclVmContext::ReadFloatValue,src/EclVm.cpp,171,exact,authored,ecl-vm-read-float-value
0x00450030,ADOPT_EXACT,EclVmResolvePointerArg,EclVmContext::ResolveInt,src/EclVm.cpp,58,exact,authored,ecl-vm-resolve-int
0x00450070,ADOPT_EXACT,EclVmResolveStringArg,EclVmContext::ResolveFloat,src/EclVm.cpp,93,exact,authored,ecl-vm-resolve-float
0x004500D0,ADOPT_EXACT,SpawnEclSubContext,EclVmHost::SpawnThread,src/EclVm.cpp,142,exact,authored,ecl-vm-spawn-thread
0x00450160,ADOPT_EXACT,FindEclContextNodeById,EclVmHost::FindThread,src/EclVm.cpp,36,exact,authored,ecl-vm-find-thread
0x00450190,ADOPT_EXACT,EclVmOpcode21EaxAbi,EclVmHost::StopAllThreads,src/EclVm.cpp,31,exact,authored,ecl-vm-stop-all-threads
0x004501B0,ADOPT_EXACT,EclVmOpcode81HelperEcxEfxAbi,EclVmPolarVectorView::FromAngleMagnitude,src/EclVm.cpp,30,exact,authored,ecl-vm-polar-from-angle-magnitude
0x00450470,ADOPT_EXACT,ResolveScriptTableIndexEaxAbi,EclVmScriptDatabase::FindSubroutine,src/EclVm.cpp,136,exact,authored,ecl-vm-find-subroutine
0x004505B0,ADOPT_EXACT,EclVmPushTypedEaxDlStackAbi,EclVmStackView::Push,src/EclVm.cpp,96,exact,authored,ecl-vm-stack-push
0x00450690,ADOPT_EXACT,EclVmPushIntEaxEcxAbi,EclVmStackView::EnterFrame,src/EclVm.cpp,64,exact,authored,ecl-vm-stack-enter-frame
0x004506D0,ADOPT_EXACT,EclVmPopTopEaxAbi,EclVmStackView::LeaveFrame,src/EclVm.cpp,41,exact,authored,ecl-vm-stack-leave-frame
