address,size,our_name,crt_symbol,their_module,their_status,library_neighbour,was_kind,now_kind
0x00453111,328,sub_453111,__chdir,CRT,exact,yes,game,library
0x00454ed7,1946,sub_454ED7,__output,CRT,exact,yes,game,library
0x00456674,161,sub_456674,__fltin2,CRT,exact,yes,game,library
0x00456a8b,1,nullsub_1,,CRT,excluded,yes,game,library
0x00457395,434,sub_457395,_realloc,CRT,exact,yes,game,library
0x0045794d,215,sub_45794D,_calloc,CRT,exact,yes,game,library
0x00457a7c,3627,sub_457A7C,__input,CRT,exact,yes,game,library
0x004588a7,631,sub_4588A7,___libm_error_support,CRT,exact,yes,game,library
0x00458efd,376,sub_458EFD,__NMSG_WRITE,CRT,exact,yes,game,library
0x00459776,68,sub_459776,__RTC_Initialize,CRT,exact,yes,game,library
0x00459cd2,444,sub_459CD2,__write_lk,CRT,exact,yes,game,library
0x00459e8e,171,sub_459E8E,__locking,CRT,exact,yes,game,library
0x0045af1d,195,sub_45AF1D,__Strftime_mt,CRT,exact,yes,game,library
0x0045bb33,494,sub_45BB33,___init_ctype,CRT,exact,yes,game,library
0x0045c377,122,sub_45C377,_ProcessCodePage,CRT,exact,yes,game,library
0x0045c544,152,LocaleEnumProc,_CountryEnumProc@4,CRT,exact,yes,game,library
0x0045c5dc,117,sub_45C5DC,_TestDefaultLanguage,CRT,exact,no,game,library
0x0045c651,542,sub_45C651,_LangCountryEnumProc@4,CRT,exact,no,game,library
0x0045c86f,207,sub_45C86F,_LanguageEnumProc@4,CRT,exact,yes,game,library
0x0045cdae,411,sub_45CDAE,_setSBUpLow,CRT,exact,yes,game,library
0x0045cfb8,404,sub_45CFB8,__setmbcp_lk,CRT,exact,yes,game,library
0x0045d5ce,22,sub_45D5CE,__ld12tod,CRT,exact,yes,game,library
0x0045d5e4,22,sub_45D5E4,__ld12tod,CRT,exact,yes,game,library
0x0045d676,69,sub_45D676,__atodbl,CRT,exact,yes,game,library
0x0045d701,69,sub_45D701,__atodbl,CRT,exact,no,game,library
0x0045d746,1039,sub_45D746,___strgtold12,CRT,exact,yes,game,library
0x0045dd85,112,sub_45DD85,__cftoe,CRT,exact,yes,game,library
0x0045de91,103,sub_45DE91,__cftof,CRT,exact,yes,game,library
0x0045def8,159,sub_45DEF8,__cftog,CRT,exact,yes,game,library
0x0045e3a0,3,sub_45E3A0,,CRT,excluded,yes,game,library
0x0045ea31,188,sub_45EA31,__except1,CRT,exact,yes,game,library
0x0045ee1d,982,sub_45EE1D,___crtLCMapStringA,CRT,exact,yes,game,library
0x0045f259,331,sub_45F259,___security_error_handler,CRT,exact,yes,game,library
0x004601a1,71,sub_4601A1,___ansicp,CRT,exact,yes,game,library
0x004601e8,474,sub_4601E8,___convertcp,CRT,exact,yes,game,library
0x0046041e,304,sub_46041E,___getlocaleinfo,CRT,exact,yes,game,library
0x00460872,232,sub_460872,___mtold12,CRT,exact,yes,game,library
0x0046095a,566,sub_46095A,___ld12mul,CRT,exact,no,game,library
0x00460b90,142,sub_460B90,___multtenpow12,CRT,exact,yes,game,library
0x00461184,477,sub_461184,__read_lk,CRT,exact,yes,game,library
0x00461361,171,sub_461361,__locking,CRT,exact,yes,game,library
0x00461841,668,sub_461841,_$I10_OUTPUT,CRT,exact,yes,game,library
0x00461af9,906,sub_461AF9,___crtCompareStringA,CRT,exact,yes,game,library
0x00461f31,470,sub_461F31,___crtsetenv,CRT,exact,yes,game,library
0x00462c5a,82,sub_462C5A,??0exception@@QAE@ABV0@@Z,CRT,exact,yes,game,library
0x00462dd9,28,sub_462DD9,??_Gbad_typeid@@UAEPAXI@Z,CxxRuntime,exact,yes,game,library
0x00462df5,28,sub_462DF5,??_Gbad_typeid@@UAEPAXI@Z,CxxRuntime,exact,yes,game,library
0x0046508c,252,sub_46508C,__87except,CRT,exact,yes,game,library
