address,size,kind,name,tail_bytes,owned_size,origin_note
0x00401000,251,game,sub_401000,,251,
0x00401100,3,game,sub_401100,,3,
0x00401110,330,game,sub_401110,,330,
0x00401260,467,game,sub_401260,,467,
0x00401440,69,game,sub_401440,,69,
0x004014d0,26,game,sub_4014D0,,26,
0x004014f0,26,game,sub_4014F0,,26,
0x00401510,7,game,sub_401510,,7,
0x00401520,10,game,sub_401520,,10,
0x00401530,132,game,sub_401530,,132,
0x004015c0,109,game,sub_4015C0,,109,
0x00401630,85,game,sub_401630,,85,
0x00401690,100,game,sub_401690,,100,
0x00401700,94,game,sub_401700,,94,
0x00401760,738,game,sub_401760,,738,
0x00401a50,570,game,sub_401A50,,570,
0x00401c90,6,game,sub_401C90,,6,
0x00401cb0,7,game,sub_401CB0,,7,
0x00401cc0,7,game,sub_401CC0,,7,
0x00401cd0,7,game,sub_401CD0,,7,
0x00401ce0,32,game,sub_401CE0,,32,
0x00401d10,7,game,sub_401D10,,7,
0x00401d20,60,game,sub_401D20,,60,
0x00401d60,32,game,sub_401D60,,32,
0x00401d80,1,game,nullsub_4,,1,
0x00401d90,15,game,sub_401D90,,15,
0x00401da0,1,game,nullsub_5,,1,
0x00401db0,1,game,nullsub_6,,1,
0x00401de0,273,game,sub_401DE0,,273,
0x00401f40,15,game,sub_401F40,,15,
0x00401f50,8,game,sub_401F50,,8,
0x00401f60,8,game,sub_401F60,,8,
0x00401f70,8,game,sub_401F70,,8,
0x00401f80,8,game,sub_401F80,,8,
0x00401f90,11,game,sub_401F90,,11,
0x00401fa0,3,game,sub_401FA0,,3,
0x00401fb0,7,game,sub_401FB0,,7,
0x00401fc0,1,game,nullsub_7,,1,
0x00401fd0,31,game,sub_401FD0,,31,
0x00401ff0,34,game,sub_401FF0,,34,
0x00402050,88,game,sub_402050,,88,
0x004020b0,56,game,sub_4020B0,,56,
0x004020f0,5,game,sub_4020F0,,5,
0x00402100,5,game,sub_402100,,5,
0x00402110,5,game,sub_402110,,5,
0x00402120,1,game,nullsub_8,,1,
0x00402130,5,game,sub_402130,,5,
0x00402140,1,game,nullsub_9,,1,
0x00402150,1,game,nullsub_10,,1,
0x00402160,188,game,sub_402160,,188,
0x00402220,8,game,sub_402220,,8,
0x00402230,522,game,sub_402230,,522,
0x00402440,499,game,sub_402440,,499,
0x00402640,151,game,sub_402640,,151,
0x00402720,304,game,sub_402720,,304,
0x00402850,1099,game,sub_402850,,1099,
0x00402ca0,929,game,sub_402CA0,,929,
0x00403050,7,game,sub_403050,,7,
0x00403060,7,game,sub_403060,,7,
0x00403070,7,game,sub_403070,,7,
0x00403090,1984,game,sub_403090,,1984,
0x00403850,308,game,sub_403850,,308,
0x00403990,154,game,sub_403990,,154,
0x00403a30,592,game,sub_403A30,,592,
0x00403c80,1806,game,sub_403C80,62,1868,+62B tail table (not in IDA size)
0x00404410,11,game,sub_404410,,11,
0x00404450,214,game,sub_404450,,214,
0x00404530,119,game,sub_404530,,119,
0x004045b0,92,game,sub_4045B0,,92,
0x00404610,887,game,sub_404610,,887,
0x00404990,4,game,sub_404990,,4,
0x004049a0,688,game,sub_4049A0,,688,
0x00404c50,7,game,sub_404C50,,7,
0x00404c90,7,game,sub_404C90,,7,
0x00404ce0,7,game,sub_404CE0,,7,
0x00404d30,11,game,sub_404D30,,11,
0x00404d40,92,game,sub_404D40,,92,
0x00404da0,101,game,sub_404DA0,,101,
0x00404e10,92,game,sub_404E10,,92,
0x00404ed0,72,game,sub_404ED0,,72,
0x00404f20,8,game,sub_404F20,,8,
0x00404f30,202,game,sub_404F30,,202,
0x00405000,20,game,sub_405000,,20,
0x00405020,20,game,sub_405020,,20,
0x00405040,94,game,sub_405040,,94,
0x004050d0,50,game,sub_4050D0,,50,
0x00405110,20,game,sub_405110,,20,
0x00405130,17,game,sub_405130,,17,
0x00405150,4,game,sub_405150,,4,
0x00405160,4,game,sub_405160,,4,
0x00405170,17,game,sub_405170,,17,
0x00405190,17,game,sub_405190,,17,
0x004051b0,7,game,sub_4051B0,,7,
0x004052e0,21,game,sub_4052E0,,21,
0x00405300,60,game,sub_405300,,60,
0x00405340,17,game,sub_405340,,17,
0x00405360,4,game,sub_405360,,4,
0x00405370,9,game,sub_405370,,9,
0x00405390,4,game,sub_405390,,4,
0x004053a0,7,game,sub_4053A0,,7,
0x004053b0,23,game,sub_4053B0,,23,
0x004053d0,4,game,sub_4053D0,,4,
0x004053e0,1,game,nullsub_11,,1,
0x004053f0,1,game,nullsub_12,,1,
0x00405400,3,game,sub_405400,,3,
0x00405410,57,game,sub_405410,,57,
0x004054a0,6,game,sub_4054A0,,6,
0x004054b0,79,game,sub_4054B0,,79,
0x00405500,81,game,sub_405500,,81,
0x00405560,10,game,sub_405560,,10,
0x00405580,7,game,sub_405580,,7,
0x00405590,5,game,sub_405590,,5,
0x004055c0,84,game,sub_4055C0,,84,
0x00405620,137,game,sub_405620,,137,
0x004056b0,85,game,sub_4056B0,,85,
0x00405730,18,game,sub_405730,,18,
0x00405750,223,game,sub_405750,,223,
0x00405830,6,game,sub_405830,,6,
0x00405840,10,game,sub_405840,,10,
0x00405850,6,game,sub_405850,,6,
0x00405860,397,game,sub_405860,,397,
0x004059f0,202,game,sub_4059F0,,202,
0x00405ac0,124,game,sub_405AC0,,124,
0x00405b60,42,game,sub_405B60,,42,
0x00405b90,5,game,sub_405B90,,5,
0x00405bb0,4,game,sub_405BB0,,4,
0x00405bc0,1,game,nullsub_13,,1,
0x00405bd0,5,thunk,sub_405BD0,,5,
0x00405be0,158,game,sub_405BE0,,158,
0x00405ca0,7,game,sub_405CA0,,7,
0x00405cb0,8,game,sub_405CB0,,8,
0x00405d00,215,game,sub_405D00,,215,
0x00405de0,34,game,sub_405DE0,,34,
0x00405e10,7,game,sub_405E10,,7,
0x00405e20,163,game,sub_405E20,,163,
0x00405ed0,45,game,sub_405ED0,,45,
0x00405f70,236,game,sub_405F70,,236,
0x00406060,182,game,sub_406060,,182,
0x00406140,18,game,sub_406140,,18,
0x00406160,109,game,sub_406160,,109,
0x004061d0,109,game,sub_4061D0,,109,
0x00406240,885,game,sub_406240,,885,
0x004065c0,249,game,sub_4065C0,,249,
0x004066e0,134,game,sub_4066E0,,134,
0x00406770,40,game,sub_406770,,40,
0x004067a0,44,game,sub_4067A0,,44,
0x004067d0,1413,game,sub_4067D0,59,1472,+59B tail table (not in IDA size)
0x00406d90,1454,game,sub_406D90,150,1604,+150B tail table (not in IDA size)
0x004073e0,194,game,sub_4073E0,,194,
0x004074b0,164,game,sub_4074B0,,164,
0x00407560,305,game,sub_407560,,305,
0x004076a0,209,game,sub_4076A0,,209,
0x00407780,338,game,sub_407780,,338,
0x004078e0,335,game,sub_4078E0,,335,
0x00407a30,431,game,sub_407A30,,431,
0x00407be0,446,game,sub_407BE0,,446,
0x00407da0,148,game,sub_407DA0,,148,
0x00407e40,172,game,sub_407E40,,172,
0x00407ef0,306,game,sub_407EF0,,306,
0x00408030,199,game,sub_408030,,199,
0x00408100,260,game,sub_408100,,260,
0x00408210,585,game,sub_408210,,585,
0x004084a0,370,game,sub_4084A0,,370,
0x00408660,80,game,sub_408660,,80,
0x004086b0,91,game,sub_4086B0,,91,
0x00408750,30,game,sub_408750,,30,
0x00408780,10,game,sub_408780,,10,
0x00408790,14,game,sub_408790,,14,
0x004087a0,17,game,sub_4087A0,,17,
0x004087c0,9,game,sub_4087C0,,9,
0x004087d0,8,game,sub_4087D0,,8,
0x00408800,1,game,nullsub_14,,1,
0x00408810,1,game,nullsub_15,,1,
0x00408820,6,game,sub_408820,,6,
0x00408830,5,game,sub_408830,,5,
0x00408840,8,game,sub_408840,,8,
0x00408850,8,game,sub_408850,,8,
0x004088b0,7,game,sub_4088B0,,7,
0x004088c0,75,game,sub_4088C0,,75,
0x00408910,176,game,sub_408910,,176,
0x004089c0,211,game,sub_4089C0,,211,
0x00408aa0,3,game,sub_408AA0,,3,
0x00408ab0,3,game,sub_408AB0,,3,
0x00408af0,402,game,sub_408AF0,,402,
0x00408c90,136,game,sub_408C90,,136,
0x00408d60,1057,game,sub_408D60,,1057,
0x004091c0,95,game,sub_4091C0,,95,
0x00409230,50,game,sub_409230,,50,
0x00409270,10,game,sub_409270,,10,
0x00409280,2403,game,sub_409280,29,2432,+29B tail table (not in IDA size)
0x00409c00,399,game,sub_409C00,,399,
0x00409d90,46,game,sub_409D90,,46,
0x00409dc0,4,game,sub_409DC0,,4,
0x00409dd0,4,game,sub_409DD0,,4,
0x00409de0,7,game,sub_409DE0,,7,
0x00409df0,7,game,sub_409DF0,,7,
0x00409e10,12,game,sub_409E10,,12,
0x00409e20,28,game,sub_409E20,,28,
0x00409e40,1,game,nullsub_16,,1,
0x00409e50,65,game,sub_409E50,,65,
0x00409ea0,1,game,nullsub_17,,1,
0x00409eb0,86,game,sub_409EB0,,86,
0x00409f30,4,game,sub_409F30,,4,
0x00409f40,10,game,sub_409F40,,10,
0x00409f60,4,game,sub_409F60,,4,
0x00409f70,7,game,sub_409F70,,7,
0x00409f80,4,game,sub_409F80,,4,
0x00409f90,118,game,sub_409F90,,118,
0x0040a010,36,game,sub_40A010,,36,
0x0040a040,234,game,sub_40A040,,234,
0x0040a130,106,game,sub_40A130,,106,
0x0040a1a0,412,game,sub_40A1A0,,412,
0x0040a350,101,game,sub_40A350,,101,
0x0040a3c0,67,game,sub_40A3C0,,67,
0x0040a450,1251,game,sub_40A450,,1251,
0x0040a940,647,game,sub_40A940,17,664,+17B tail table (not in IDA size)
0x0040abe0,7,game,sub_40ABE0,,7,
0x0040abf0,10,game,sub_40ABF0,,10,
0x0040ac00,3,game,sub_40AC00,,3,
0x0040ac10,7,game,sub_40AC10,,7,
0x0040ac20,109,game,sub_40AC20,,109,
0x0040ac90,37,game,sub_40AC90,,37,
0x0040ace0,33,game,sub_40ACE0,,33,
0x0040ad10,6,game,sub_40AD10,,6,
0x0040ad20,33,game,sub_40AD20,,33,
0x0040ad50,7,game,sub_40AD50,,7,
0x0040ad80,4,game,sub_40AD80,,4,
0x0040ad90,3,game,sub_40AD90,,3,
0x0040ada0,25,game,sub_40ADA0,,25,
0x0040adc0,1,game,nullsub_18,,1,
0x0040add0,34,game,sub_40ADD0,,34,
0x0040ae20,12,game,sub_40AE20,,12,
0x0040ae30,3,game,sub_40AE30,,3,
0x0040ae40,4,game,sub_40AE40,,4,
0x0040ae50,30,game,sub_40AE50,,30,
0x0040ae70,134,game,sub_40AE70,,134,
0x0040af00,137,game,sub_40AF00,,137,
0x0040af90,86,game,sub_40AF90,,86,
0x0040b030,6,game,sub_40B030,,6,
0x0040b040,6,game,sub_40B040,,6,
0x0040b050,6,game,sub_40B050,,6,
0x0040b060,6,game,sub_40B060,,6,
0x0040b070,159,game,sub_40B070,,159,
0x0040b110,148,game,sub_40B110,,148,
0x0040b1b0,147,game,sub_40B1B0,,147,
0x0040b250,60,game,sub_40B250,,60,
0x0040b290,1,game,nullsub_19,,1,
0x0040b310,3,game,sub_40B310,,3,
0x0040b370,23,game,sub_40B370,,23,
0x0040b390,1,game,nullsub_20,,1,
0x0040b3a0,192,game,sub_40B3A0,,192,
0x0040b460,9,game,sub_40B460,,9,
0x0040b470,10,game,sub_40B470,,10,
0x0040b480,106,game,sub_40B480,,106,
0x0040b4f0,11,game,sub_40B4F0,,11,
0x0040b500,7,game,sub_40B500,,7,
0x0040b510,9,game,sub_40B510,,9,
0x0040b520,6,game,sub_40B520,,6,
0x0040b530,42,game,sub_40B530,,42,
0x0040b560,584,game,sub_40B560,,584,
0x0040b7b0,362,game,sub_40B7B0,,362,
0x0040b940,99,game,sub_40B940,,99,
0x0040b9d0,18,game,sub_40B9D0,,18,
0x0040b9f0,111,game,sub_40B9F0,,111,
0x0040ba60,6,game,sub_40BA60,,6,
0x0040ba70,10,game,sub_40BA70,,10,
0x0040ba80,6,game,sub_40BA80,,6,
0x0040ba90,648,game,sub_40BA90,,648,
0x0040bd20,93,game,sub_40BD20,,93,
0x0040bd80,1494,game,sub_40BD80,92,1586,+92B tail table (not in IDA size)
0x0040c3c0,126,game,sub_40C3C0,,126,
0x0040c460,3,game,sub_40C460,,3,
0x0040c480,65,game,sub_40C480,,65,
0x0040c4d0,65,game,sub_40C4D0,,65,
0x0040c520,4,game,sub_40C520,,4,
0x0040c540,75,game,sub_40C540,,75,
0x0040c5a0,1,game,nullsub_21,,1,
0x0040c5b0,4,game,sub_40C5B0,,4,
0x0040c5c0,4,game,sub_40C5C0,,4,
0x0040c5d0,15,game,sub_40C5D0,,15,
0x0040c5e0,3,game,sub_40C5E0,,3,
0x0040c650,8,game,sub_40C650,,8,
0x0040c660,8,game,sub_40C660,,8,
0x0040c680,8,game,sub_40C680,,8,
0x0040c690,5,game,sub_40C690,,5,
0x0040c6a0,5,game,sub_40C6A0,,5,
0x0040c6b0,9,game,sub_40C6B0,,9,
0x0040c6c0,5,game,sub_40C6C0,,5,
0x0040c6e0,45,game,sub_40C6E0,,45,
0x0040c710,21,game,sub_40C710,,21,
0x0040c730,71,game,sub_40C730,,71,
0x0040c7b0,71,game,sub_40C7B0,,71,
0x0040c800,15,game,sub_40C800,,15,
0x0040c810,5,game,sub_40C810,,5,
0x0040c820,5,game,sub_40C820,,5,
0x0040c890,3,game,sub_40C890,,3,
0x0040c8a0,3,game,sub_40C8A0,,3,
0x0040c8b0,3,game,sub_40C8B0,,3,
0x0040c8c0,3,game,sub_40C8C0,,3,
0x0040c8d0,4,game,sub_40C8D0,,4,
0x0040c8e0,4,game,sub_40C8E0,,4,
0x0040c8f0,4,game,sub_40C8F0,,4,
0x0040c900,4,game,sub_40C900,,4,
0x0040c910,3,game,sub_40C910,,3,
0x0040c920,9,game,sub_40C920,,9,
0x0040c940,11,game,sub_40C940,,11,
0x0040c950,4,game,sub_40C950,,4,
0x0040c960,17,game,sub_40C960,,17,
0x0040c980,3,game,sub_40C980,,3,
0x0040c990,3,game,sub_40C990,,3,
0x0040c9a0,48,game,sub_40C9A0,,48,
0x0040c9d0,503,game,sub_40C9D0,,503,
0x0040cc10,4,game,sub_40CC10,,4,
0x0040cc20,6,game,sub_40CC20,,6,
0x0040cc30,6,game,sub_40CC30,,6,
0x0040cc40,7,game,sub_40CC40,,7,
0x0040cc50,31,game,sub_40CC50,,31,
0x0040cc70,145,game,sub_40CC70,,145,
0x0040cd10,5,game,sub_40CD10,,5,
0x0040cd20,95,game,sub_40CD20,,95,
0x0040cd80,5,game,sub_40CD80,,5,
0x0040cd90,5,game,sub_40CD90,,5,
0x0040cda0,7,game,sub_40CDA0,,7,
0x0040cdb0,7,game,sub_40CDB0,,7,
0x0040cde0,8,game,sub_40CDE0,,8,
0x0040cdf0,4,game,sub_40CDF0,,4,
0x0040ce00,7,game,sub_40CE00,,7,
0x0040ce40,10,game,sub_40CE40,,10,
0x0040ce70,6,game,sub_40CE70,,6,
0x0040ce90,8,game,sub_40CE90,,8,
0x0040cea0,36,game,sub_40CEA0,,36,
0x0040ced0,13,game,sub_40CED0,,13,
0x0040cee0,20,game,sub_40CEE0,,20,
0x0040cf00,10,game,sub_40CF00,,10,
0x0040cf10,10,game,sub_40CF10,,10,
0x0040cf20,10,game,sub_40CF20,,10,
0x0040cf40,23,game,sub_40CF40,,23,
0x0040cf60,23,game,sub_40CF60,,23,
0x0040cf80,13,game,sub_40CF80,,13,
0x0040cf90,22,game,sub_40CF90,,22,
0x0040cfb0,501,game,sub_40CFB0,76,577,+76B tail table (not in IDA size)
0x0040d280,334,game,sub_40D280,,334,
0x0040d400,239,game,sub_40D400,,239,
0x0040d4f0,3,game,sub_40D4F0,,3,
0x0040d500,3,game,sub_40D500,,3,
0x0040d510,28,game,sub_40D510,,28,
0x0040d530,300,game,sub_40D530,,300,
0x0040d680,36,game,sub_40D680,,36,
0x0040d6b0,95,game,sub_40D6B0,,95,
0x0040d730,19,game,sub_40D730,,19,
0x0040d750,166,game,sub_40D750,,166,
0x0040d800,6,game,sub_40D800,,6,
0x0040d810,10,game,sub_40D810,,10,
0x0040d820,6,game,sub_40D820,,6,
0x0040d830,673,game,sub_40D830,,673,
0x0040dae0,386,game,sub_40DAE0,,386,
0x0040dc80,2412,game,sub_40DC80,,2412,
0x0040e5f0,162,game,sub_40E5F0,,162,
0x0040e6a0,182,game,sub_40E6A0,,182,
0x00412720,48,game,sub_412720,,48,
0x00412790,12,game,sub_412790,,12,
0x004127a0,593,game,sub_4127A0,,593,
0x00412a00,16,game,sub_412A00,,16,
0x00412a10,75,game,sub_412A10,,75,
0x00412a60,14,game,sub_412A60,,14,
0x00412a70,14,game,sub_412A70,,14,
0x00412aa0,26,game,sub_412AA0,,26,
0x00412ac0,652,game,sub_412AC0,,652,
0x00412d50,4,game,sub_412D50,,4,
0x00412d60,11,game,sub_412D60,,11,
0x00412d70,12,game,sub_412D70,,12,
0x00412d80,12,game,sub_412D80,,12,
0x00412d90,12,game,sub_412D90,,12,
0x00412da0,4,game,sub_412DA0,,4,
0x00412db0,50,game,sub_412DB0,,50,
0x00412df0,4,game,sub_412DF0,,4,
0x00412e00,8,game,sub_412E00,,8,
0x00412e70,46,game,sub_412E70,,46,
0x00412ed0,16,game,sub_412ED0,,16,
0x00412ee0,4,game,sub_412EE0,,4,
0x00412f10,10,game,sub_412F10,,10,
0x00412f20,10,game,sub_412F20,,10,
0x00412f50,5,game,sub_412F50,,5,
0x00412f60,7,game,sub_412F60,,7,
0x00412f70,16,game,sub_412F70,,16,
0x00412fa0,5,game,sub_412FA0,,5,
0x00412fe0,1,game,nullsub_22,,1,
0x00412ff0,93,game,sub_412FF0,,93,
0x004130a0,7,game,sub_4130A0,,7,
0x004130c0,4,game,sub_4130C0,,4,
0x004130d0,4,game,sub_4130D0,,4,
0x004130e0,10,game,sub_4130E0,,10,
0x00413100,9,game,sub_413100,,9,
0x00413120,20,game,sub_413120,,20,
0x00413140,10,game,sub_413140,,10,
0x00413150,10,game,sub_413150,,10,
0x00413160,10,game,sub_413160,,10,
0x00413170,20,game,sub_413170,,20,
0x004131a0,10,game,sub_4131A0,,10,
0x004131b0,1,game,nullsub_23,,1,
0x004131f0,4,game,sub_4131F0,,4,
0x00413200,23,game,sub_413200,,23,
0x00413220,17,game,sub_413220,,17,
0x00413240,3,game,sub_413240,,3,
0x00413270,30,game,sub_413270,,30,
0x00413350,151,game,sub_413350,,151,
0x00413450,84,game,sub_413450,,84,
0x004134b0,280,game,sub_4134B0,,280,
0x004135d0,180,game,sub_4135D0,,180,
0x00413690,10,game,sub_413690,,10,
0x004136a0,7,game,sub_4136A0,,7,
0x004136b0,1,game,nullsub_24,,1,
0x004136c0,97,game,sub_4136C0,,97,
0x00413730,7,game,sub_413730,,7,
0x00413740,18,game,sub_413740,,18,
0x00413760,13,game,sub_413760,,13,
0x00413770,8,game,sub_413770,,8,
0x00413780,13,game,sub_413780,,13,
0x00413790,77,game,sub_413790,,77,
0x004137e0,4,game,sub_4137E0,,4,
0x00413810,367,game,sub_413810,,367,
0x00413980,147,game,sub_413980,,147,
0x00413a20,289,game,sub_413A20,,289,
0x00413bc0,1965,game,sub_413BC0,,1965,
0x00414370,476,game,sub_414370,,476,
0x00414570,121,game,sub_414570,,121,
0x004145f0,574,game,sub_4145F0,,574,
0x00414830,136,game,sub_414830,,136,
0x004148e0,18,game,sub_4148E0,,18,
0x00414900,3805,game,sub_414900,31,3836,+31B tail table (not in IDA size)
0x00415800,724,game,sub_415800,,724,
0x00415ae0,7,game,sub_415AE0,,7,
0x00415af0,7,game,sub_415AF0,,7,
0x00415b00,683,game,sub_415B00,,683,
0x00415db0,124,game,sub_415DB0,,124,
0x00415e90,4306,game,sub_415E90,174,4480,+174B tail table (not in IDA size)
0x00417010,41,game,sub_417010,,41,
0x00417040,671,game,sub_417040,,671,
0x004172e0,640,game,sub_4172E0,28,668,+28B tail table (not in IDA size)
0x00417580,4,game,sub_417580,,4,
0x00417590,4,game,sub_417590,,4,
0x004175a0,4,game,sub_4175A0,,4,
0x004175b0,10,game,sub_4175B0,,10,
0x004175c0,5,game,sub_4175C0,,5,
0x004175d0,4,game,sub_4175D0,,4,
0x004175e0,32,game,sub_4175E0,,32,
0x00417600,10,game,sub_417600,,10,
0x00417630,6,game,sub_417630,,6,
0x00417640,4,game,sub_417640,,4,
0x00417650,6,game,sub_417650,,6,
0x00417670,6,game,sub_417670,,6,
0x00417680,4,game,sub_417680,,4,
0x00417690,10,game,sub_417690,,10,
0x004176a0,4,game,sub_4176A0,,4,
0x004176b0,1,game,nullsub_25,,1,
0x004176c0,3,game,sub_4176C0,,3,
0x004176d0,3,game,sub_4176D0,,3,
0x004176e0,4,game,sub_4176E0,,4,
0x004176f0,8,game,sub_4176F0,,8,
0x00417700,8,game,sub_417700,,8,
0x00417710,13,game,sub_417710,,13,
0x00417720,10,game,sub_417720,,10,
0x00417770,66,game,sub_417770,,66,
0x004177c0,25,game,sub_4177C0,,25,
0x004177e0,25,game,sub_4177E0,,25,
0x00417800,58,game,sub_417800,,58,
0x00417870,1009,game,sub_417870,,1009,
0x00417c70,12,game,sub_417C70,,12,
0x00417c80,1105,game,sub_417C80,,1105,
0x004180e0,107,game,sub_4180E0,,107,
0x00418150,18,game,sub_418150,,18,
0x00418190,1544,game,sub_418190,,1544,
0x004187d0,31,game,sub_4187D0,,31,
0x00418810,64,game,sub_418810,,64,
0x004188a0,141,game,sub_4188A0,,141,
0x00418930,166,game,sub_418930,,166,
0x004189e0,15,game,sub_4189E0,,15,
0x004189f0,7,game,sub_4189F0,,7,
0x00418a00,65,game,sub_418A00,,65,
0x00418a90,20,game,sub_418A90,,20,
0x00418ab0,4,game,sub_418AB0,,4,
0x00418ac0,15,game,sub_418AC0,,15,
0x00418ad0,21,game,sub_418AD0,,21,
0x00418af0,17,game,sub_418AF0,,17,
0x00418b10,17,game,sub_418B10,,17,
0x00418b30,9,game,sub_418B30,,9,
0x00418b40,4,game,sub_418B40,,4,
0x00418b50,5,game,sub_418B50,,5,
0x00418b60,5,game,sub_418B60,,5,
0x00418b70,4,game,sub_418B70,,4,
0x00418b80,73,game,sub_418B80,,73,
0x00418bd0,4,game,sub_418BD0,,4,
0x00418be0,4,game,sub_418BE0,,4,
0x00418bf0,4,game,sub_418BF0,,4,
0x00418c00,6,game,sub_418C00,,6,
0x00418c10,9,game,sub_418C10,,9,
0x00418c20,1,game,nullsub_26,,1,
0x00418c40,125,game,sub_418C40,,125,
0x00418d00,51,game,sub_418D00,,51,
0x00418d40,237,game,sub_418D40,,237,
0x00418e30,131,game,sub_418E30,,131,
0x00418ee0,346,game,sub_418EE0,,346,
0x00419040,79,game,sub_419040,,79,
0x00419090,67,game,sub_419090,,67,
0x00419120,1317,game,sub_419120,,1317,
0x00419650,571,game,sub_419650,,571,
0x00419890,6,game,sub_419890,,6,
0x004198a0,10,game,sub_4198A0,,10,
0x004198b0,6,game,sub_4198B0,,6,
0x004198c0,98,game,sub_4198C0,,98,
0x00419960,1498,game,sub_419960,,1498,
0x00419f40,260,game,sub_419F40,,260,
0x0041a050,75,game,sub_41A050,,75,
0x0041a0a0,114,game,sub_41A0A0,,114,
0x0041a120,220,game,sub_41A120,,220,
0x0041a200,2247,game,sub_41A200,,2247,
0x0041ab10,52,game,sub_41AB10,,52,
0x0041ab50,7,game,sub_41AB50,,7,
0x0041ab60,4,game,sub_41AB60,,4,
0x0041ab70,136,game,sub_41AB70,,136,
0x0041ac00,4,game,sub_41AC00,,4,
0x0041ac10,4,game,sub_41AC10,,4,
0x0041ac20,11,game,sub_41AC20,,11,
0x0041ac30,12,game,sub_41AC30,,12,
0x0041ac80,16,game,sub_41AC80,,16,
0x0041ac90,1,game,nullsub_27,,1,
0x0041aca0,7,game,sub_41ACA0,,7,
0x0041acf0,104,game,sub_41ACF0,,104,
0x0041ad60,34,game,sub_41AD60,,34,
0x0041ad90,84,game,sub_41AD90,,84,
0x0041adf0,216,game,sub_41ADF0,,216,
0x0041aed0,185,game,sub_41AED0,,185,
0x0041afb0,18,game,sub_41AFB0,,18,
0x0041afd0,2253,game,sub_41AFD0,67,2320,+67B tail table (not in IDA size)
0x0041b8e0,281,game,sub_41B8E0,,281,
0x0041ba00,48,game,sub_41BA00,,48,
0x0041ba30,29,game,sub_41BA30,,29,
0x0041ba50,165,game,sub_41BA50,,165,
0x0041bb00,793,game,sub_41BB00,26,819,+26B tail table (not in IDA size)
0x0041be80,46,game,sub_41BE80,,46,
0x0041beb0,30,game,sub_41BEB0,,30,
0x0041bed0,1,game,nullsub_28,,1,
0x0041bee0,7,game,sub_41BEE0,,7,
0x0041bef0,1,game,nullsub_2,,1,
0x0041bf00,5,game,sub_41BF00,,5,
0x0041bf10,3,game,sub_41BF10,,3,
0x0041bf20,3,game,sub_41BF20,,3,
0x0041bf30,25,game,sub_41BF30,,25,
0x0041bf50,5,game,sub_41BF50,,5,
0x0041bf60,5,game,sub_41BF60,,5,
0x0041bf70,5,game,sub_41BF70,,5,
0x0041bf80,5,game,sub_41BF80,,5,
0x0041bf90,1,game,nullsub_29,,1,
0x0041bfa0,1,game,nullsub_30,,1,
0x0041bfb0,1,game,nullsub_31,,1,
0x0041bfc0,1,game,nullsub_32,,1,
0x0041bfd0,1,game,nullsub_33,,1,
0x0041bfe0,1,game,nullsub_34,,1,
0x0041bff0,1,game,nullsub_35,,1,
0x0041c000,1,game,nullsub_36,,1,
0x0041c010,1,game,nullsub_37,,1,
0x0041c020,1,game,nullsub_38,,1,
0x0041c030,98,game,sub_41C030,,98,
0x0041c0b0,25,game,sub_41C0B0,,25,
0x0041c120,146,game,sub_41C120,,146,
0x0041c1c0,195,game,sub_41C1C0,,195,
0x0041c290,91,game,sub_41C290,,91,
0x0041c330,274,game,sub_41C330,,274,
0x0041c480,91,game,sub_41C480,,91,
0x0041c4e0,46,game,sub_41C4E0,,46,
0x0041c510,153,game,sub_41C510,,153,
0x0041c5b0,202,game,sub_41C5B0,,202,
0x0041c680,219,game,sub_41C680,,219,
0x0041c760,102,game,sub_41C760,,102,
0x0041c7d0,44,game,sub_41C7D0,,44,
0x0041c800,76,game,sub_41C800,,76,
0x0041c850,44,game,sub_41C850,,44,
0x0041c880,54,game,sub_41C880,,54,
0x0041c8c0,442,game,sub_41C8C0,,442,
0x0041cfd0,410,game,sub_41CFD0,,410,
0x0041d170,329,game,sub_41D170,,329,
0x0041d2c0,269,game,sub_41D2C0,,269,
0x0041d3d0,1001,game,sub_41D3D0,,1001,
0x0041d7c0,173,game,sub_41D7C0,,173,
0x0041d870,3,game,sub_41D870,,3,
0x0041d880,1269,game,sub_41D880,,1269,
0x0041dd80,1238,game,sub_41DD80,,1238,
0x0041e260,609,game,sub_41E260,,609,
0x0041e4d0,226,game,sub_41E4D0,,226,
0x0041e5c0,309,game,sub_41E5C0,,309,
0x0041e700,816,game,sub_41E700,16,832,+16B tail table (not in IDA size)
0x0041ea40,173,game,sub_41EA40,,173,
0x0041eaf0,3,game,sub_41EAF0,,3,
0x0041eb00,1171,game,sub_41EB00,,1171,
0x0041efa0,1108,game,sub_41EFA0,,1108,
0x0041f400,623,game,sub_41F400,,623,
0x0041f670,226,game,sub_41F670,,226,
0x0041f7a0,91,game,sub_41F7A0,,91,
0x0041f800,30,game,sub_41F800,,30,
0x0041f820,19,game,sub_41F820,,19,
0x0041f840,1,game,nullsub_39,,1,
0x0041f850,128,game,sub_41F850,,128,
0x0041f8d0,82,game,sub_41F8D0,,82,
0x0041f930,91,game,sub_41F930,,91,
0x0041f990,299,game,sub_41F990,,299,
0x0041fac0,140,game,sub_41FAC0,,140,
0x0041fb50,417,game,sub_41FB50,,417,
0x0041fd00,69,game,sub_41FD00,,69,
0x0041fdd0,220,game,sub_41FDD0,,220,
0x0041ff00,34,game,sub_41FF00,,34,
0x0041ff30,7,game,sub_41FF30,,7,
0x0041ff40,13,game,sub_41FF40,,13,
0x0041ff50,1,game,nullsub_40,,1,
0x0041ff80,113,game,sub_41FF80,,113,
0x00420000,177,game,sub_420000,,177,
0x004200c0,6,game,sub_4200C0,,6,
0x004200d0,39,game,sub_4200D0,,39,
0x00420100,174,game,sub_420100,,174,
0x00420270,293,game,sub_420270,,293,
0x004203c0,48,game,sub_4203C0,,48,
0x004203f0,128,game,sub_4203F0,,128,
0x00420470,204,game,sub_420470,,204,
0x00420670,504,game,sub_420670,,504,
0x00420870,534,game,sub_420870,,534,
0x00420a90,120,game,sub_420A90,,120,
0x00420b10,73,game,sub_420B10,,73,
0x00420b80,125,game,sub_420B80,,125,
0x00420c00,41,game,sub_420C00,,41,
0x00420c30,84,game,sub_420C30,,84,
0x00420cd0,53,game,sub_420CD0,,53,
0x00420db0,1,game,nullsub_41,,1,
0x00420dc0,1,game,nullsub_42,,1,
0x00420dd0,205,game,sub_420DD0,,205,
0x00420ea0,118,game,sub_420EA0,,118,
0x00421070,268,game,sub_421070,,268,
0x00421180,369,game,sub_421180,,369,
0x00421300,269,game,sub_421300,,269,
0x00421410,1,game,nullsub_43,,1,
0x00421420,35,game,sub_421420,,35,
0x00421450,35,game,sub_421450,,35,
0x00421480,287,game,sub_421480,,287,
0x004215a0,330,game,sub_4215A0,,330,
0x004216f0,465,game,sub_4216F0,,465,
0x004218d0,572,game,sub_4218D0,94,666,+94B tail table (not in IDA size)
0x00421b70,23,game,sub_421B70,,23,
0x00421b90,77,game,sub_421B90,,77,
0x00421c50,25,game,sub_421C50,,25,
0x00421c90,13,game,sub_421C90,,13,
0x00421ca0,13,game,sub_421CA0,,13,
0x00421cb0,13,game,sub_421CB0,,13,
0x00421cc0,12,game,sub_421CC0,,12,
0x00421ce0,10,game,sub_421CE0,,10,
0x00421cf0,13,game,sub_421CF0,,13,
0x00421d00,21,game,sub_421D00,,21,
0x00421d20,21,game,sub_421D20,,21,
0x00421d40,1,game,nullsub_44,,1,
0x00421d70,4,game,sub_421D70,,4,
0x00421d80,8,game,sub_421D80,,8,
0x00421d90,8,game,sub_421D90,,8,
0x00421da0,8,game,sub_421DA0,,8,
0x00421db0,8,game,sub_421DB0,,8,
0x00421dc0,8,game,sub_421DC0,,8,
0x00421dd0,8,game,sub_421DD0,,8,
0x00421de0,11,game,sub_421DE0,,11,
0x00421df0,11,game,sub_421DF0,,11,
0x00421e00,225,game,sub_421E00,,225,
0x00421ef0,4,game,sub_421EF0,,4,
0x00421f00,71,game,sub_421F00,,71,
0x00421f50,12,game,sub_421F50,,12,
0x00421f60,28,game,sub_421F60,,28,
0x00421fa0,316,game,sub_421FA0,,316,
0x004220e0,101,game,sub_4220E0,,101,
0x00422150,142,game,sub_422150,,142,
0x004221e0,3,game,sub_4221E0,,3,
0x004221f0,3,game,sub_4221F0,,3,
0x00422220,311,game,sub_422220,,311,
0x00422360,67,game,sub_422360,,67,
0x004223f0,179,game,sub_4223F0,27,206,+27B tail table (not in IDA size)
0x004224c0,404,game,sub_4224C0,,404,
0x00422660,1035,game,sub_422660,27,1062,+27B tail table (not in IDA size)
0x00422a90,10,game,sub_422A90,,10,
0x00422aa0,7,game,sub_422AA0,,7,
0x00422ab0,382,game,sub_422AB0,,382,
0x00422c30,74,game,sub_422C30,,74,
0x00422c80,1338,game,sub_422C80,22,1360,+22B tail table (not in IDA size)
0x004231d0,411,game,sub_4231D0,,411,
0x00423370,411,game,sub_423370,,411,
0x00423510,89,game,sub_423510,,89,
0x00423570,377,game,sub_423570,,377,
0x004236f0,3227,game,sub_4236F0,33,3260,+33B tail table (not in IDA size)
0x004243f0,65,game,sub_4243F0,,65,
0x00424480,162,game,sub_424480,,162,
0x00424590,4,game,sub_424590,,4,
0x004245a0,7,game,sub_4245A0,,7,
0x004245c0,4,game,sub_4245C0,,4,
0x004245f0,1,game,nullsub_45,,1,
0x00424600,7,game,sub_424600,,7,
0x00424610,6,game,sub_424610,,6,
0x00424620,25,game,sub_424620,,25,
0x00424640,4,game,sub_424640,,4,
0x00424650,104,game,sub_424650,,104,
0x004246c0,244,game,sub_4246C0,,244,
0x004247c0,7,game,sub_4247C0,,7,
0x004247d0,10,game,sub_4247D0,,10,
0x004247e0,7,game,sub_4247E0,,7,
0x004247f0,1435,game,sub_4247F0,,1435,
0x00424d90,273,game,sub_424D90,,273,
0x00424eb0,3,game,sub_424EB0,,3,
0x00424ec0,3,game,sub_424EC0,,3,
0x00424ed0,325,game,sub_424ED0,,325,
0x00425020,69,game,sub_425020,,69,
0x00425090,18,game,sub_425090,,18,
0x004250b0,1591,game,sub_4250B0,65,1656,+65B tail table (not in IDA size)
0x00425730,3089,game,sub_425730,23,3112,+23B tail table (not in IDA size)
0x00426360,409,game,sub_426360,,409,
0x00426500,7,game,sub_426500,,7,
0x00426510,7,game,sub_426510,,7,
0x00426520,229,game,sub_426520,,229,
0x00426610,67,game,sub_426610,,67,
0x00426660,67,game,sub_426660,,67,
0x004266b0,316,game,sub_4266B0,,316,
0x004267f0,471,game,sub_4267F0,,471,
0x004269d0,796,game,sub_4269D0,,796,
0x00426cf0,627,game,sub_426CF0,,627,
0x00426f70,2494,game,sub_426F70,26,2520,+26B tail table (not in IDA size)
0x00427950,12,game,sub_427950,,12,
0x00427960,359,game,sub_427960,,359,
0x00427ad0,12,game,sub_427AD0,,12,
0x00427ae0,99,game,sub_427AE0,,99,
0x00427b50,181,game,sub_427B50,,181,
0x00427c40,4,game,sub_427C40,,4,
0x00427c50,21,game,sub_427C50,,21,
0x00427c70,29,game,sub_427C70,,29,
0x00427cb0,6,game,sub_427CB0,,6,
0x00427d50,24,game,sub_427D50,,24,
0x00427d70,6,game,sub_427D70,,6,
0x00427dc0,16,game,sub_427DC0,,16,
0x00427df0,4,game,sub_427DF0,,4,
0x00427e00,1,game,nullsub_46,,1,
0x00427e10,3,game,sub_427E10,,3,
0x00427e20,23,game,sub_427E20,,23,
0x00427e90,717,game,sub_427E90,,717,
0x00428160,105,game,sub_428160,,105,
0x004281d0,174,game,sub_4281D0,,174,
0x00428280,876,game,sub_428280,,876,
0x00428630,1170,game,sub_428630,,1170,
0x00428ad0,53,game,sub_428AD0,,53,
0x00428b10,266,game,sub_428B10,,266,
0x00428c20,125,game,sub_428C20,,125,
0x00428ce0,80,game,sub_428CE0,,80,
0x00428d70,91,game,sub_428D70,,91,
0x00428dd0,20,game,sub_428DD0,,20,
0x00428e10,83,game,sub_428E10,,83,
0x00428f60,1344,game,sub_428F60,,1344,
0x004294a0,367,game,sub_4294A0,,367,
0x00429610,185,game,sub_429610,,185,
0x004296f0,181,game,sub_4296F0,,181,
0x004297b0,18,game,sub_4297B0,,18,
0x004297d0,596,game,sub_4297D0,,596,
0x00429a70,182,game,sub_429A70,,182,
0x00429b60,1681,game,sub_429B60,,1681,
0x0042a200,450,game,sub_42A200,,450,
0x0042a3d0,10,game,sub_42A3D0,,10,
0x0042a3e0,68,game,sub_42A3E0,,68,
0x0042a430,28,game,sub_42A430,,28,
0x0042a450,582,game,sub_42A450,,582,
0x0042a6a0,356,game,sub_42A6A0,,356,
0x0042a810,7,game,sub_42A810,,7,
0x0042a820,14,game,sub_42A820,,14,
0x0042a8a0,85,game,sub_42A8A0,,85,
0x0042a930,59,game,sub_42A930,,59,
0x0042a970,4,game,sub_42A970,,4,
0x0042a980,4,game,sub_42A980,,4,
0x0042a990,19,game,sub_42A990,,19,
0x0042a9b0,6,game,sub_42A9B0,,6,
0x0042a9c0,8,game,sub_42A9C0,,8,
0x0042a9d0,4,game,sub_42A9D0,,4,
0x0042aa10,50,game,sub_42AA10,,50,
0x0042aa50,139,game,sub_42AA50,,139,
0x0042ab20,93,game,sub_42AB20,,93,
0x0042ac10,1,game,nullsub_47,,1,
0x0042ac20,55,game,sub_42AC20,,55,
0x0042ac60,37,game,sub_42AC60,,37,
0x0042acb0,274,game,sub_42ACB0,,274,
0x0042add0,142,game,sub_42ADD0,,142,
0x0042ae60,132,game,sub_42AE60,,132,
0x0042af20,97,game,sub_42AF20,,97,
0x0042b030,423,game,sub_42B030,,423,
0x0042b1e0,564,game,sub_42B1E0,,564,
0x0042b420,1,game,nullsub_48,,1,
0x0042b430,134,game,sub_42B430,,134,
0x0042b4c0,7,game,sub_42B4C0,,7,
0x0042b4d0,145,game,sub_42B4D0,,145,
0x0042b570,232,game,sub_42B570,,232,
0x0042b660,71,game,sub_42B660,,71,
0x0042b6d0,18,game,sub_42B6D0,,18,
0x0042b780,540,game,sub_42B780,,540,
0x0042b9b0,10,game,sub_42B9B0,,10,
0x0042b9c0,167,game,sub_42B9C0,,167,
0x0042ba70,17,game,sub_42BA70,,17,
0x0042ba90,13,game,sub_42BA90,,13,
0x0042baa0,13,game,sub_42BAA0,,13,
0x0042bab0,1,game,nullsub_49,,1,
0x0042bad0,86,game,sub_42BAD0,,86,
0x0042bb30,145,game,sub_42BB30,,145,
0x0042bbd0,84,game,sub_42BBD0,,84,
0x0042bc30,405,game,sub_42BC30,,405,
0x0042be10,16,game,sub_42BE10,,16,
0x0042be20,261,game,sub_42BE20,,261,
0x0042bf30,67,game,sub_42BF30,,67,
0x0042bfc0,926,game,sub_42BFC0,,926,
0x0042c360,531,game,sub_42C360,,531,
0x0042c580,5,thunk,sub_42C580,,5,
0x0042c590,10,game,sub_42C590,,10,
0x0042c5a0,1,game,nullsub_50,,1,
0x0042c5b0,6,game,sub_42C5B0,,6,
0x0042c5c0,83,game,sub_42C5C0,,83,
0x0042c620,80,game,sub_42C620,,80,
0x0042c670,95,game,sub_42C670,,95,
0x0042c6d0,83,game,sub_42C6D0,,83,
0x0042c730,27,game,sub_42C730,,27,
0x0042c750,27,game,sub_42C750,,27,
0x0042c770,65,game,sub_42C770,,65,
0x0042c7c0,25,game,sub_42C7C0,,25,
0x0042c830,7,game,sub_42C830,,7,
0x0042c850,69,game,sub_42C850,,69,
0x0042c8c0,93,game,sub_42C8C0,,93,
0x0042c920,204,game,sub_42C920,,204,
0x0042c9f0,168,game,sub_42C9F0,,168,
0x0042caa0,192,game,sub_42CAA0,,192,
0x0042cb60,491,game,sub_42CB60,,491,
0x0042cd50,96,game,sub_42CD50,,96,
0x0042cdb0,18,game,sub_42CDB0,,18,
0x0042cdf0,1059,game,sub_42CDF0,69,1128,+69B tail table (not in IDA size)
0x0042d2e0,7,game,sub_42D2E0,,7,
0x0042d2f0,7,game,sub_42D2F0,,7,
0x0042d300,268,game,sub_42D300,20,288,+20B tail table (not in IDA size)
0x0042d420,1195,game,sub_42D420,85,1280,+85B tail table (not in IDA size)
0x0042d920,3168,game,sub_42D920,20,3188,+20B tail table (not in IDA size)
0x0042e5a0,3999,game,sub_42E5A0,,3999,
0x0042f540,859,game,sub_42F540,21,880,+21B tail table (not in IDA size)
0x0042f8b0,2452,game,sub_42F8B0,,2452,
0x00430250,200,game,sub_430250,,200,
0x00430320,865,game,sub_430320,23,888,+23B tail table (not in IDA size)
0x004306a0,936,game,sub_4306A0,20,956,+20B tail table (not in IDA size)
0x00430a60,1403,game,sub_430A60,21,1424,+21B tail table (not in IDA size)
0x00430ff0,1031,game,sub_430FF0,21,1052,+21B tail table (not in IDA size)
0x00431410,419,game,sub_431410,,419,
0x004315c0,1466,game,sub_4315C0,26,1492,+26B tail table (not in IDA size)
0x00431ba0,825,game,sub_431BA0,,825,
0x00431ee0,1949,game,sub_431EE0,19,1968,+19B tail table (not in IDA size)
0x00432690,850,game,sub_432690,,850,
0x004329f0,689,game,sub_4329F0,,689,
0x00432cb0,1382,game,sub_432CB0,18,1400,+18B tail table (not in IDA size)
0x00433230,826,game,sub_433230,,826,
0x00433570,1440,game,sub_433570,20,1460,+20B tail table (not in IDA size)
0x00433b30,955,game,sub_433B30,,955,
0x00433ef0,2778,game,sub_433EF0,18,2796,+18B tail table (not in IDA size)
0x004349e0,59,game,sub_4349E0,,59,
0x00434a20,92,game,sub_434A20,,92,
0x00434a80,206,game,sub_434A80,,206,
0x00434b60,4,game,sub_434B60,,4,
0x00434b70,11,game,sub_434B70,,11,
0x00434b90,5,game,sub_434B90,,5,
0x00434ba0,17,game,sub_434BA0,,17,
0x00434bc0,20,game,sub_434BC0,,20,
0x00434be0,8,game,sub_434BE0,,8,
0x00434bf0,11,game,sub_434BF0,,11,
0x00434c00,1,game,nullsub_51,,1,
0x00434c10,16,game,sub_434C10,,16,
0x00434c20,10,game,sub_434C20,,10,
0x00434c30,108,game,sub_434C30,,108,
0x00434d10,86,game,sub_434D10,,86,
0x00434d70,93,game,sub_434D70,,93,
0x00434dd0,281,game,sub_434DD0,,281,
0x00434ef0,51,game,sub_434EF0,,51,
0x00434f30,53,game,sub_434F30,,53,
0x00434f70,350,game,sub_434F70,,350,
0x004350d0,327,game,sub_4350D0,,327,
0x00435220,47,game,sub_435220,,47,
0x00435250,26,game,sub_435250,,26,
0x00435270,12,game,sub_435270,,12,
0x004352c0,9,library,unknown_libname_39,,9,
0x004352d0,1,game,nullsub_52,,1,
0x004352e0,1,game,nullsub_53,,1,
0x004352f0,1,game,nullsub_54,,1,
0x00435300,21,game,sub_435300,,21,
0x00435320,30,game,sub_435320,,30,
0x00435340,46,game,sub_435340,,46,
0x00435370,239,game,sub_435370,,239,
0x00435460,34,game,sub_435460,,34,
0x00435490,57,game,sub_435490,,57,
0x004354d0,63,game,sub_4354D0,,63,
0x00435510,25,game,sub_435510,,25,
0x00435530,21,game,sub_435530,,21,
0x00435550,37,game,sub_435550,,37,
0x00435580,137,game,sub_435580,,137,
0x00435610,121,game,sub_435610,,121,
0x00435690,7,game,sub_435690,,7,
0x004356a0,31,game,sub_4356A0,,31,
0x004356c0,7,game,sub_4356C0,,7,
0x004356f0,212,game,sub_4356F0,,212,
0x00435800,214,game,sub_435800,,214,
0x004358e0,190,game,sub_4358E0,,190,
0x004359a0,4,game,sub_4359A0,,4,
0x004359b0,1029,game,sub_4359B0,,1029,
0x00435dc0,475,game,sub_435DC0,,475,
0x00435fa0,36,game,sub_435FA0,,36,
0x00436000,516,game,sub_436000,,516,
0x00436210,80,game,sub_436210,,80,
0x00436260,79,game,sub_436260,,79,
0x004362b0,117,game,sub_4362B0,,117,
0x00436330,49,game,sub_436330,,49,
0x00436370,5,game,sub_436370,,5,
0x00436380,18,game,sub_436380,,18,
0x004363a0,30,game,sub_4363A0,,30,
0x004363c0,49,game,sub_4363C0,,49,
0x00436400,46,game,sub_436400,,46,
0x00436430,37,game,sub_436430,,37,
0x00436460,108,game,sub_436460,,108,
0x004364d0,7,game,sub_4364D0,,7,
0x004364e0,4,game,sub_4364E0,,4,
0x004364f0,107,game,sub_4364F0,,107,
0x00436570,201,game,sub_436570,,201,
0x00436640,18,game,sub_436640,,18,
0x00436660,30,game,sub_436660,,30,
0x00436680,49,game,sub_436680,,49,
0x004366c0,168,game,sub_4366C0,,168,
0x00436770,13,game,sub_436770,,13,
0x004367a0,35,game,sub_4367A0,,35,
0x004367d0,5,thunk,j__memcpy,,5,
0x004367e0,11,game,sub_4367E0,,11,
0x004367f0,3,game,sub_4367F0,,3,
0x00436800,7,game,sub_436800,,7,
0x00436810,7,game,sub_436810,,7,
0x00436820,7,game,sub_436820,,7,
0x00436830,7,game,sub_436830,,7,
0x00436840,7,game,sub_436840,,7,
0x00436850,7,game,sub_436850,,7,
0x00436890,99,game,sub_436890,,99,
0x004369e0,49,game,sub_4369E0,,49,
0x00436a20,5,thunk,sub_436A20,,5,
0x00436a30,107,game,sub_436A30,,107,
0x00436af0,421,game,sub_436AF0,,421,
0x00436ca0,72,game,sub_436CA0,,72,
0x00436d30,46,game,sub_436D30,,46,
0x00436da0,946,game,sub_436DA0,,946,
0x00437160,157,game,sub_437160,,157,
0x004372a0,222,game,sub_4372A0,,222,
0x00437380,525,game,sub_437380,,525,
0x00437750,645,game,sub_437750,,645,
0x00437a00,781,game,sub_437A00,,781,
0x00437d10,149,game,sub_437D10,,149,
0x00437db0,554,game,sub_437DB0,,554,
0x00437fe0,509,game,sub_437FE0,,509,
0x004381e0,16,game,sub_4381E0,,16,
0x00438250,4,game,sub_438250,,4,
0x00438260,227,game,sub_438260,,227,
0x00438350,37,game,sub_438350,,37,
0x00438380,83,game,sub_438380,,83,
0x004383e0,14,library,unknown_libname_80,,14,
0x004383f0,5,library,??4type_info@@AAEAAV0@ABV0@@Z,,5,
0x00438400,3,game,sub_438400,,3,
0x00438410,5,library,??4type_info@@AAEAAV0@ABV0@@Z_0,,5,
0x00438420,234,game,sub_438420,,234,
0x00438510,117,game,sub_438510,,117,
0x00438590,31,game,sub_438590,,31,
0x004385b0,202,game,sub_4385B0,,202,
0x00438680,14,library,unknown_libname_81,,14,
0x004386a0,6,game,sub_4386A0,,6,
0x004386b0,322,game,sub_4386B0,,322,
0x00438850,4,game,sub_438850,,4,
0x00438870,1,game,nullsub_55,,1,
0x00438880,103,game,sub_438880,,103,
0x00438974,43,game,sub_438974,,43,
0x004389b0,3,game,sub_4389B0,,3,
0x004389c0,4,game,sub_4389C0,,4,
0x004389d0,4,game,sub_4389D0,,4,
0x004389e0,4,game,sub_4389E0,,4,
0x00438a30,43,game,sub_438A30,,43,
0x00438a60,111,game,sub_438A60,,111,
0x00438ad0,1389,game,_WinMain@16,,1389,
0x004390e0,265,game,sub_4390E0,,265,
0x004391f0,236,game,sub_4391F0,,236,
0x004392e0,100,game,sub_4392E0,,100,
0x00439390,425,game,sub_439390,,425,
0x00439540,282,game,sub_439540,,282,
0x00439660,152,game,sub_439660,,152,
0x00439730,341,game,sub_439730,,341,
0x00439890,1159,game,sub_439890,,1159,
0x00439d20,710,game,sub_439D20,,710,
0x00439ff0,442,game,sub_439FF0,,442,
0x0043a1c0,207,game,sub_43A1C0,,207,
0x0043a290,272,game,sub_43A290,,272,
0x0043a3a0,233,game,DialogFunc,,233,
0x0043a490,14,game,sub_43A490,,14,
0x0043a5c0,63,game,sub_43A5C0,,63,
0x0043a6e0,11,game,sub_43A6E0,,11,
0x0043a6f0,14,game,sub_43A6F0,,14,
0x0043a700,37,game,sub_43A700,,37,
0x0043a730,26,game,sub_43A730,,26,
0x0043a910,156,game,sub_43A910,,156,
0x0043a9b0,116,game,sub_43A9B0,,116,
0x0043aa60,107,game,sub_43AA60,,107,
0x0043aad0,448,game,sub_43AAD0,,448,
0x0043ac90,72,game,sub_43AC90,,72,
0x0043ace0,132,game,sub_43ACE0,,132,
0x0043ae20,129,game,sub_43AE20,,129,
0x0043aeb0,79,game,sub_43AEB0,,79,
0x0043af00,39,game,sub_43AF00,,39,
0x0043af30,473,game,sub_43AF30,,473,
0x0043b110,1323,game,sub_43B110,347,1670,+347B tail table (not in IDA size)
0x0043b7a0,140,game,sub_43B7A0,,140,
0x0043b8b0,1,game,nullsub_3,,1,
0x0043b8c0,1,game,nullsub_56,,1,
0x0043b8d0,439,game,sub_43B8D0,,439,
0x0043ba90,83,game,sub_43BA90,,83,
0x0043baf0,52,game,sub_43BAF0,,52,
0x0043bb30,98,game,sub_43BB30,,98,
0x0043bbf0,4,game,sub_43BBF0,,4,
0x0043bc00,4,game,sub_43BC00,,4,
0x0043bc10,4,game,sub_43BC10,,4,
0x0043bc40,135,game,sub_43BC40,,135,
0x0043bcd0,108,game,sub_43BCD0,,108,
0x0043bda0,483,game,sub_43BDA0,,483,
0x0043bf90,3,game,sub_43BF90,,3,
0x0043bfa0,501,game,sub_43BFA0,,501,
0x0043c1a0,134,game,sub_43C1A0,,134,
0x0043c230,133,game,sub_43C230,,133,
0x0043c2c0,68,game,sub_43C2C0,,68,
0x0043c310,175,game,sub_43C310,,175,
0x0043c3c0,68,game,sub_43C3C0,,68,
0x0043c410,68,game,sub_43C410,,68,
0x0043c460,154,game,sub_43C460,,154,
0x0043c500,74,game,sub_43C500,,74,
0x0043c550,439,game,sub_43C550,,439,
0x0043c710,349,game,sub_43C710,,349,
0x0043c8b0,82,game,sub_43C8B0,,82,
0x0043c970,357,game,sub_43C970,39,396,+39B tail table (not in IDA size)
0x0043cb00,127,game,sub_43CB00,,127,
0x0043cb80,88,game,sub_43CB80,,88,
0x0043cbe0,1,game,nullsub_57,,1,
0x0043cc30,13,game,sub_43CC30,,13,
0x0043cc40,175,game,sub_43CC40,,175,
0x0043ccf0,57,game,StartAddress,,57,
0x0043cd30,786,game,sub_43CD30,,786,
0x0043d080,107,game,sub_43D080,,107,
0x0043d120,301,game,sub_43D120,,301,
0x0043d250,71,game,sub_43D250,,71,
0x0043d2a0,227,game,sub_43D2A0,,227,
0x0043d390,684,game,sub_43D390,,684,
0x0043d690,241,game,sub_43D690,,241,
0x0043d7d0,369,game,sub_43D7D0,,369,
0x0043d950,298,game,sub_43D950,,298,
0x0043dab0,176,game,sub_43DAB0,,176,
0x0043db60,295,game,sub_43DB60,,295,
0x0043dc90,123,game,sub_43DC90,,123,
0x0043dd10,149,game,sub_43DD10,,149,
0x0043ddf0,1419,game,sub_43DDF0,33,1452,+33B tail table (not in IDA size)
0x0043e3a0,189,game,sub_43E3A0,,189,
0x0043e460,104,game,sub_43E460,,104,
0x0043e520,7,game,sub_43E520,,7,
0x0043e530,4,game,sub_43E530,,4,
0x0043e560,3,game,sub_43E560,,3,
0x0043e570,1,game,nullsub_58,,1,
0x0043e5a0,356,game,sub_43E5A0,,356,
0x0043e710,203,game,sub_43E710,,203,
0x0043e7e0,194,game,sub_43E7E0,,194,
0x0043e8b0,287,game,sub_43E8B0,,287,
0x0043e9d0,228,game,sub_43E9D0,,228,
0x0043eac0,334,game,sub_43EAC0,90,424,+90B tail table (not in IDA size)
0x0043ec70,104,game,sub_43EC70,40,144,+40B tail table (not in IDA size)
0x0043ed00,108,game,sub_43ED00,48,156,+48B tail table (not in IDA size)
0x0043eda0,92,game,sub_43EDA0,40,132,+40B tail table (not in IDA size)
0x0043ee30,9587,game,sub_43EE30,377,9964,+377B tail table (not in IDA size)
0x004415c0,57,game,sub_4415C0,,57,
0x00441600,820,game,sub_441600,,820,
0x00441940,4,game,sub_441940,,4,
0x00441950,370,game,sub_441950,,370,
0x00441ad0,652,game,sub_441AD0,,652,
0x00441d60,4,game,sub_441D60,,4,
0x00441e40,15,game,sub_441E40,,15,
0x00441e50,56,game,sub_441E50,,56,
0x00441ef0,30,game,sub_441EF0,,30,
0x00441f50,116,game,sub_441F50,,116,
0x00441fd0,4,game,sub_441FD0,,4,
0x00441fe0,4,game,sub_441FE0,,4,
0x00441ff0,5,game,sub_441FF0,,5,
0x00442000,6,game,sub_442000,,6,
0x00442050,208,game,sub_442050,,208,
0x00442120,4,game,sub_442120,,4,
0x00442130,20,game,sub_442130,,20,
0x00442150,20,game,sub_442150,,20,
0x00442170,4,game,sub_442170,,4,
0x004421a0,17,game,sub_4421A0,,17,
0x004421c0,20,game,sub_4421C0,,20,
0x00442220,208,game,sub_442220,,208,
0x004422f0,15,game,sub_4422F0,,15,
0x00442300,130,game,sub_442300,,130,
0x00442390,6,game,sub_442390,,6,
0x004423a0,6,game,sub_4423A0,,6,
0x004423c0,25,game,sub_4423C0,,25,
0x004423e0,440,game,sub_4423E0,,440,
0x004425a0,201,game,sub_4425A0,,201,
0x00442670,1111,game,sub_442670,,1111,
0x00442ad0,1111,game,sub_442AD0,,1111,
0x00442f30,29,game,sub_442F30,,29,
0x00442f50,133,game,sub_442F50,,133,
0x00442fe0,157,game,sub_442FE0,,157,
0x00443080,515,game,sub_443080,,515,
0x00443290,486,game,sub_443290,,486,
0x004436c0,591,game,sub_4436C0,,591,
0x00443910,591,game,sub_443910,,591,
0x00443b60,1047,game,sub_443B60,,1047,
0x00443f80,33,game,sub_443F80,,33,
0x00443fb0,643,game,sub_443FB0,,643,
0x00444240,818,game,sub_444240,,818,
0x00444580,60,game,sub_444580,,60,
0x004445c0,402,game,sub_4445C0,,402,
0x00444760,929,game,sub_444760,,929,
0x00444b10,201,game,sub_444B10,,201,
0x00444be0,201,game,sub_444BE0,,201,
0x00444ce0,224,game,sub_444CE0,,224,
0x004450e0,211,game,sub_4450E0,,211,
0x004451c0,173,game,sub_4451C0,43,216,+43B tail table (not in IDA size)
0x004452e0,10,game,sub_4452E0,,10,
0x004452f0,803,game,sub_4452F0,,803,
0x00445620,598,game,sub_445620,,598,
0x00445880,25,game,sub_445880,,25,
0x004458a0,7,game,sub_4458A0,,7,
0x004458b0,30,game,sub_4458B0,,30,
0x004458d0,3,game,sub_4458D0,,3,
0x004458e0,3,game,sub_4458E0,,3,
0x004458f0,3,game,sub_4458F0,,3,
0x00445900,2315,game,sub_445900,,2315,
0x00446210,3,game,sub_446210,,3,
0x00446220,206,game,sub_446220,,206,
0x004462f0,472,game,sub_4462F0,,472,
0x004464f4,6,library,__RTC_NumErrors,,6,
0x00446500,46,game,sub_446500,,46,
0x004465b0,1417,game,sub_4465B0,46,1463,+46B tail table (not in IDA size)
0x00446b70,245,game,sub_446B70,,245,
0x00446c70,243,game,sub_446C70,,243,
0x00446d70,320,game,sub_446D70,,320,
0x00446eb0,132,game,sub_446EB0,,132,
0x00446f40,264,game,sub_446F40,,264,
0x00447050,41,game,sub_447050,,41,
0x004470c0,433,game,sub_4470C0,,433,
0x00447280,81,game,sub_447280,,81,
0x004472e0,214,game,sub_4472E0,,214,
0x004473c0,174,game,sub_4473C0,,174,
0x00447470,650,game,sub_447470,,650,
0x00447700,135,game,sub_447700,,135,
0x004477d0,55,game,sub_4477D0,,55,
0x00447810,242,game,sub_447810,,242,
0x00447940,143,game,sub_447940,,143,
0x004479d0,127,game,sub_4479D0,,127,
0x00447a50,141,game,sub_447A50,,141,
0x00447ae0,204,game,sub_447AE0,,204,
0x00447bb0,194,game,sub_447BB0,,194,
0x00447c80,576,game,sub_447C80,,576,
0x00447ec0,169,game,sub_447EC0,,169,
0x00447f70,87,game,sub_447F70,,87,
0x00448120,325,game,sub_448120,,325,
0x00448270,240,game,sub_448270,,240,
0x00448360,227,game,sub_448360,,227,
0x00448450,379,game,sub_448450,,379,
0x004485d0,7,game,sub_4485D0,,7,
0x004485e0,7,game,sub_4485E0,,7,
0x004485f0,12,game,sub_4485F0,,12,
0x00448600,15,game,sub_448600,,15,
0x00448610,15,game,sub_448610,,15,
0x00448620,115,game,sub_448620,,115,
0x004486a0,15,game,sub_4486A0,,15,
0x004486b0,15,game,sub_4486B0,,15,
0x004486c0,15,game,sub_4486C0,,15,
0x004486d0,15,game,sub_4486D0,,15,
0x004486e0,15,game,sub_4486E0,,15,
0x004486f0,15,game,sub_4486F0,,15,
0x00448700,15,game,sub_448700,,15,
0x00448710,15,game,sub_448710,,15,
0x00448720,15,game,sub_448720,,15,
0x00448730,15,game,sub_448730,,15,
0x00448740,48,game,sub_448740,,48,
0x00448770,72,game,sub_448770,,72,
0x004487c0,72,game,sub_4487C0,,72,
0x00448810,72,game,sub_448810,,72,
0x00448860,149,game,sub_448860,,149,
0x00448980,67,game,sub_448980,,67,
0x004489d0,118,game,sub_4489D0,,118,
0x00448a50,112,game,sub_448A50,,112,
0x00448ac0,118,game,sub_448AC0,,118,
0x00448b40,112,game,sub_448B40,,112,
0x00448bb0,268,game,sub_448BB0,,268,
0x00448d00,73,game,sub_448D00,,73,
0x00448d50,95,game,sub_448D50,,95,
0x00448db0,118,game,sub_448DB0,,118,
0x00448e30,73,game,sub_448E30,,73,
0x00448e80,95,game,sub_448E80,,95,
0x00448ee0,118,game,sub_448EE0,,118,
0x00448f60,73,game,sub_448F60,,73,
0x00448fb0,95,game,sub_448FB0,,95,
0x00449010,118,game,sub_449010,,118,
0x00449090,73,game,sub_449090,,73,
0x004490e0,95,game,sub_4490E0,,95,
0x00449140,118,game,sub_449140,,118,
0x004491c0,73,game,sub_4491C0,,73,
0x00449210,54,game,sub_449210,,54,
0x00449250,76,game,sub_449250,,76,
0x004492a0,66,game,sub_4492A0,,66,
0x004492f0,90,game,sub_4492F0,,90,
0x00449350,111,game,sub_449350,,111,
0x004493e0,92,game,sub_4493E0,,92,
0x00449440,11,game,sub_449440,,11,
0x00449450,21,game,sub_449450,,21,
0x00449470,65,game,sub_449470,,65,
0x00449590,67,game,sub_449590,,67,
0x004495e0,67,game,sub_4495E0,,67,
0x00449630,21,game,sub_449630,,21,
0x00449670,36,game,sub_449670,,36,
0x004496a0,34,game,sub_4496A0,,34,
0x004496d0,36,game,sub_4496D0,,36,
0x00449700,111,game,sub_449700,,111,
0x004497d0,70,game,sub_4497D0,,70,
0x00449870,217,game,sub_449870,,217,
0x00449950,161,game,sub_449950,,161,
0x00449a20,8,game,sub_449A20,,8,
0x00449a40,1,game,nullsub_59,,1,
0x00449a50,32,game,sub_449A50,,32,
0x00449a70,32,game,sub_449A70,,32,
0x00449a90,12,game,sub_449A90,,12,
0x00449aa0,59,game,sub_449AA0,,59,
0x00449ae0,131,game,sub_449AE0,,131,
0x00449b70,131,game,sub_449B70,,131,
0x00449c00,273,game,sub_449C00,35,308,+35B tail table (not in IDA size)
0x00449d40,241,game,sub_449D40,27,268,+27B tail table (not in IDA size)
0x00449e50,82,game,sub_449E50,,82,
0x00449ed0,74,game,sub_449ED0,,74,
0x00449f60,114,game,sub_449F60,,114,
0x0044a000,43,game,sub_44A000,,43,
0x0044a030,43,game,sub_44A030,,43,
0x0044a0c0,105,game,sub_44A0C0,,105,
0x0044a190,833,game,sub_44A190,,833,
0x0044a4e0,264,game,sub_44A4E0,,264,
0x0044a5f0,850,game,sub_44A5F0,,850,
0x0044a950,127,game,sub_44A950,,127,
0x0044a9d0,850,game,sub_44A9D0,,850,
0x0044ad30,725,game,sub_44AD30,,725,
0x0044b010,103,game,sub_44B010,,103,
0x0044b080,75,game,sub_44B080,,75,
0x0044b0d0,323,game,sub_44B0D0,,323,
0x0044b220,307,game,sub_44B220,,307,
0x0044b360,360,game,sub_44B360,,360,
0x0044b4d0,111,game,sub_44B4D0,,111,
0x0044b540,218,game,sub_44B540,,218,
0x0044b620,137,game,sub_44B620,,137,
0x0044b6b0,137,game,sub_44B6B0,,137,
0x0044b740,76,game,sub_44B740,,76,
0x0044b790,74,game,sub_44B790,,74,
0x0044b7e0,37,game,sub_44B7E0,,37,
0x0044b810,201,game,sub_44B810,,201,
0x0044b8e0,201,game,sub_44B8E0,,201,
0x0044b9b0,39,game,sub_44B9B0,,39,
0x0044b9e0,78,game,sub_44B9E0,,78,
0x0044ba80,155,game,sub_44BA80,,155,
0x0044bb20,109,game,sub_44BB20,,109,
0x0044bb90,115,game,sub_44BB90,,115,
0x0044bc10,94,game,sub_44BC10,,94,
0x0044bc70,94,game,sub_44BC70,,94,
0x0044be20,66,game,sub_44BE20,,66,
0x0044be70,47,game,sub_44BE70,,47,
0x0044bea0,128,game,sub_44BEA0,,128,
0x0044bf20,5,game,sub_44BF20,,5,
0x0044bf40,88,game,sub_44BF40,,88,
0x0044c000,103,game,sub_44C000,,103,
0x0044c0e0,21,game,sub_44C0E0,,21,
0x0044c140,8,game,sub_44C140,,8,
0x0044c150,101,game,sub_44C150,,101,
0x0044c1c0,56,game,sub_44C1C0,,56,
0x0044c250,4,game,sub_44C250,,4,
0x0044c2a0,171,game,sub_44C2A0,,171,
0x0044c350,509,game,sub_44C350,67,576,+67B tail table (not in IDA size)
0x0044c590,57,game,sub_44C590,,57,
0x0044c5d0,30,game,sub_44C5D0,,30,
0x0044c600,4,game,sub_44C600,,4,
0x0044c610,1,game,nullsub_60,,1,
0x0044c620,14,game,sub_44C620,,14,
0x0044c630,1,game,nullsub_61,,1,
0x0044c7e0,260,game,sub_44C7E0,,260,
0x0044c8f0,702,game,sub_44C8F0,,702,
0x0044cbf0,651,game,sub_44CBF0,,651,
0x0044ce80,118,game,sub_44CE80,,118,
0x0044cf20,338,game,sub_44CF20,,338,
0x0044d080,136,game,sub_44D080,,136,
0x0044d110,483,game,sub_44D110,,483,
0x0044d300,98,game,sub_44D300,,98,
0x0044d370,103,game,sub_44D370,,103,
0x0044d440,145,game,sub_44D440,,145,
0x0044d4e0,106,game,sub_44D4E0,,106,
0x0044d550,82,game,sub_44D550,,82,
0x0044d5b0,29,game,sub_44D5B0,,29,
0x0044d5d0,41,game,sub_44D5D0,,41,
0x0044d600,61,game,sub_44D600,,61,
0x0044d6a0,109,game,sub_44D6A0,,109,
0x0044d730,11,game,sub_44D730,,11,
0x0044d850,637,game,sub_44D850,,637,
0x0044dad0,213,game,sub_44DAD0,,213,
0x0044dbb0,17,game,sub_44DBB0,,17,
0x0044dbf0,173,game,sub_44DBF0,,173,
0x0044dca0,78,game,sub_44DCA0,,78,
0x0044dd30,4,game,sub_44DD30,,4,
0x0044dd40,194,game,sub_44DD40,,194,
0x0044de10,202,game,sub_44DE10,,202,
0x0044df00,1,game,nullsub_62,,1,
0x0044df10,1,game,nullsub_63,,1,
0x0044df20,11,game,sub_44DF20,,11,
0x0044df30,3,game,sub_44DF30,,3,
0x0044df40,7,game,sub_44DF40,,7,
0x0044df50,7,game,sub_44DF50,,7,
0x0044df60,7,game,sub_44DF60,,7,
0x0044df70,550,game,sub_44DF70,,550,
0x0044e1a0,6690,game,sub_44E1A0,330,7020,+330B tail table (not in IDA size)
0x0044fd10,146,game,sub_44FD10,,146,
0x0044fdb0,144,game,sub_44FDB0,,144,
0x0044fe40,183,game,sub_44FE40,,183,
0x0044ff00,124,game,sub_44FF00,,124,
0x0044ff80,171,game,sub_44FF80,,171,
0x00450030,58,game,sub_450030,,58,
0x00450070,93,game,sub_450070,,93,
0x004500d0,142,game,sub_4500D0,,142,
0x00450160,36,game,sub_450160,,36,
0x00450190,31,game,sub_450190,,31,
0x004501b0,30,game,sub_4501B0,,30,
0x004501d0,1,game,nullsub_64,,1,
0x004501e0,7,game,sub_4501E0,,7,
0x004501f0,7,game,sub_4501F0,,7,
0x00450200,7,game,sub_450200,,7,
0x00450210,12,game,sub_450210,,12,
0x00450220,589,game,sub_450220,,589,
0x00450470,136,game,sub_450470,,136,
0x00450500,89,game,sub_450500,,89,
0x004505b0,96,game,sub_4505B0,,96,
0x00450690,64,game,sub_450690,,64,
0x004506d0,41,game,sub_4506D0,,41,
0x00450700,30,game,sub_450700,,30,
0x0045071e,6,thunk,DirectInput8Create,,6,
0x00451354,3,game,nullsub_65,,3,
0x00451364,1,game,nullsub_66,,1,
0x004513d4,3,game,nullsub_67,,3,
0x004513e4,1,game,nullsub_68,,1,
0x00452170,6,thunk,DirectSoundCreate8,,6,
0x00452176,6,thunk,Direct3DCreate9,,6,
0x0045217c,6,thunk,D3DXVec3Normalize,,6,
0x00452182,6,thunk,D3DXMatrixTranslation,,6,
0x00452188,6,thunk,D3DXVec3ProjectArray,,6,
0x0045218e,6,thunk,D3DXVec3Project,,6,
0x00452194,6,thunk,D3DXMatrixLookAtLH,,6,
0x0045219a,6,thunk,D3DXMatrixPerspectiveFovLH,,6,
0x004521a0,6,thunk,D3DXCreateTexture,,6,
0x004521a6,6,thunk,D3DXLoadSurfaceFromMemory,,6,
0x004521ac,6,thunk,D3DXMatrixRotationX,,6,
0x004521b2,6,thunk,D3DXMatrixMultiply,,6,
0x004521b8,6,thunk,D3DXMatrixRotationY,,6,
0x004521be,6,thunk,D3DXMatrixRotationZ,,6,
0x004521c4,6,thunk,D3DXVec3Transform,,6,
0x004521ca,6,thunk,D3DXCreateTextureFromFileInMemoryEx,,6,
0x004521d0,6,thunk,D3DXLoadSurfaceFromFileInMemory,,6,
0x004521d6,6,thunk,D3DXLoadSurfaceFromSurface,,6,
0x004521dc,6,thunk,timeGetTime,,6,
0x004521e2,6,thunk,timeEndPeriod,,6,
0x004521e8,6,thunk,timeBeginPeriod,,6,
0x004521ee,6,thunk,midiOutOpen,,6,
0x004521f4,6,thunk,midiOutReset,,6,
0x004521fa,6,thunk,midiOutClose,,6,
0x00452200,6,thunk,midiOutPrepareHeader,,6,
0x00452206,6,thunk,midiOutLongMsg,,6,
0x0045220c,6,thunk,midiOutShortMsg,,6,
0x00452212,6,thunk,midiOutGetDevCapsA,,6,
0x00452218,6,thunk,timeGetDevCaps,,6,
0x0045221e,6,thunk,timeSetEvent,,6,
0x00452224,6,thunk,timeKillEvent,,6,
0x0045222a,6,thunk,midiOutUnprepareHeader,,6,
0x00452230,6,thunk,joyGetPosEx,,6,
0x00452236,6,thunk,joyGetDevCapsA,,6,
0x0045223c,6,thunk,FindFirstFileA,,6,
0x00452242,6,thunk,FindNextFileA,,6,
0x00452248,6,thunk,FindClose,,6,
0x0045224e,6,thunk,Sleep,,6,
0x00452254,6,thunk,EnterCriticalSection,,6,
0x0045225a,6,thunk,LeaveCriticalSection,,6,
0x00452260,6,thunk,InitializeCriticalSection,,6,
0x00452266,6,thunk,DeleteCriticalSection,,6,
0x0045226c,6,thunk,DeleteFileA,,6,
0x00452272,6,thunk,CreateFileA,,6,
0x00452278,6,thunk,SetFilePointer,,6,
0x0045227e,6,thunk,CloseHandle,,6,
0x00452284,6,thunk,ReadFile,,6,
0x0045228a,6,thunk,WriteFile,,6,
0x00452290,6,thunk,GetFileSize,,6,
0x00452296,6,thunk,GetModuleFileNameA,,6,
0x0045229c,6,thunk,CreateProcessA,,6,
0x004522a2,6,thunk,GetExitCodeProcess,,6,
0x004522a8,6,thunk,FindResourceA,,6,
0x004522ae,6,thunk,LoadResource,,6,
0x004522b4,6,thunk,LockResource,,6,
0x004522ba,6,thunk,FreeResource,,6,
0x004522c0,6,thunk,SizeofResource,,6,
0x004522c6,6,thunk,QueryPerformanceCounter,,6,
0x004522cc,6,thunk,GetConsoleTitleA,,6,
0x004522d2,6,thunk,MultiByteToWideChar,,6,
0x004522d8,6,thunk,GetStartupInfoA,,6,
0x004522de,6,thunk,GetLastError,,6,
0x004522e4,6,thunk,CreateMutexA,,6,
0x004522ea,6,thunk,QueryPerformanceFrequency,,6,
0x004522f0,6,thunk,CreateThread,,6,
0x004522f6,6,thunk,WaitForSingleObject,,6,
0x004522fc,6,thunk,CreateEventA,,6,
0x00452302,6,thunk,FormatMessageA,,6,
0x00452308,6,thunk,LocalFree,,6,
0x0045230e,6,thunk,GetVersionExA,,6,
0x00452314,6,thunk,ResumeThread,,6,
0x0045231a,6,thunk,DrawTextA,,6,
0x00452320,6,thunk,MoveWindow,,6,
0x00452326,6,thunk,RegisterClassA,,6,
0x0045232c,6,thunk,WINNLSEnableIME,,6,
0x00452332,6,thunk,DialogBoxParamA,,6,
0x00452338,6,thunk,LoadCursorA,,6,
0x0045233e,6,thunk,GetSystemMetrics,,6,
0x00452344,6,thunk,SystemParametersInfoA,,6,
0x0045234a,6,thunk,DispatchMessageA,,6,
0x00452350,6,thunk,IsDlgButtonChecked,,6,
0x00452356,6,thunk,ShowWindow,,6,
0x0045235c,6,thunk,DefWindowProcA,,6,
0x00452362,6,thunk,EndDialog,,6,
0x00452368,6,thunk,GetDlgItem,,6,
0x0045236e,6,thunk,PeekMessageA,,6,
0x00452374,6,thunk,CreateWindowExA,,6,
0x0045237a,6,thunk,MessageBoxA,,6,
0x00452380,6,thunk,ShowCursor,,6,
0x00452386,6,thunk,TranslateMessage,,6,
0x0045238c,6,thunk,SendMessageA,,6,
0x00452392,6,thunk,SetForegroundWindow,,6,
0x00452398,6,thunk,SetCursor,,6,
0x0045239e,6,thunk,DestroyWindow,,6,
0x004523a4,6,thunk,GetWindowLongA,,6,
0x004523aa,6,thunk,SetTimer,,6,
0x004523b0,6,thunk,KillTimer,,6,
0x004523b6,6,thunk,PostThreadMessageA,,6,
0x004523bc,6,thunk,MsgWaitForMultipleObjects,,6,
0x004523c2,6,thunk,GetKeyboardState,,6,
0x004523c8,6,thunk,SetKeyboardState,,6,
0x004523ce,6,thunk,FindWindowA,,6,
0x004523d4,6,thunk,CreateFontA,,6,
0x004523da,6,thunk,DeleteObject,,6,
0x004523e0,6,thunk,SelectObject,,6,
0x004523e6,6,thunk,DeleteDC,,6,
0x004523ec,6,thunk,CreateDIBSection,,6,
0x004523f2,6,thunk,CreateCompatibleDC,,6,
0x004523f8,6,thunk,SetBkMode,,6,
0x004523fe,6,thunk,SetTextColor,,6,
0x00452404,6,thunk,TextOutA,,6,
0x0045240a,6,thunk,GetStockObject,,6,
0x00452410,6,thunk,CoCreateInstance,,6,
0x00452416,6,thunk,CoUninitialize,,6,
0x0045241c,6,thunk,CoInitialize,,6,
0x00452422,113,library,_free,,113,
0x00452493,14,library,??2@YAPAXI@Z,,14,
0x004524a1,5,thunk,j__free,,5,
0x004524a6,87,library,_vsprintf,,87,
0x0045252d,98,library,??_L@YGXPAXIHP6EX0@Z1@Z,,98,
0x0045258f,18,library,?ArrayUnwindFilter@@YAHPAU_EXCEPTION_POINTERS@@@Z,,18,
0x004525a1,94,library,?__ArrayUnwind@@YGXPAXIHP6EX0@Z@Z,,94,
0x004525ff,96,library,??_M@YGXPAXIHP6EX0@Z@Z,,96,
0x0045265f,123,library,__heap_alloc,,123,
0x004526da,44,library,__nh_malloc,,44,
0x00452706,18,library,_malloc,,18,
0x00452730,190,library,_strchr,,190,
0x004527ee,136,library,_atol,,136,
0x00452876,5,thunk,j__atol,,5,
0x0045287b,167,library,__atoi64,,167,
0x00452930,45,library,_strrchr,,45,
0x00452960,292,library,_strncpy,,292,
0x00452a84,56,library,_atof,,56,
0x00452abc,44,library,__mkdir,,44,
0x00452ae8,88,library,_sprintf,,88,
0x00452b71,57,library,_time,,57,
0x00452baa,384,library,_localtime,,384,
0x00452d2a,128,library,__onexit_lk,,128,
0x00452daa,40,library,___onexitinit,,40,
0x00452dd2,56,library,__onexit,,56,
0x00452e0a,18,library,_atexit,,18,
0x00452e1c,61,library,__endthread,,61,
0x00452e5a,146,library,__threadstart@4,,146,
0x00452eec,145,library,__beginthread,,145,
0x00452f80,57,library,_strncmp,,57,
0x00452fb9,52,library,_sscanf,,52,
0x00452ff0,289,library,_floor,,289,
0x00453111,328,library,sub_453111,,328,origin-corrected game->library: CRT __chdir
0x00453259,18,library,__purecall,,18,
0x0045326d,16,game,sub_45326D,,16,
0x00453280,829,library,_memcpy,,829,
0x004535bd,48,library,__endthreadex,,48,
0x004535ee,149,library,__threadstartex@4,,149,
0x00453683,139,library,__beginthreadex,,139,
0x0045370e,13,library,_srand,,13,
0x0045371b,34,library,_rand,,34,
0x0045373d,37,library,__amsg_exit,,37,
0x00453762,33,library,_fast_error_exit,,33,
0x00453786,86,library,_check_managed_app,,86,
0x004537dc,469,library,start,,469,
0x004539b1,26,library,___heap_select,,26,
0x004539cb,81,library,__heap_init,,81,
0x00453a1c,127,library,__heap_term,,127,
0x00453a9b,6,game,sub_453A9B,,6,
0x00453aa1,73,library,__mtinitlocks,,73,
0x00453aea,85,library,__mtdeletelocks,,85,
0x00453b3f,21,library,__unlock,,21,
0x00453b54,12,library,__lockerr_exit,,12,
0x00453b60,10,library,sub_453B60,,10,
0x00453b6c,160,library,__mtinitlocknum,,160,
0x00453c0c,49,library,__lock,,49,
0x00453c3d,21,library,__get_sbh_threshold,,21,
0x00453c52,72,library,___sbh_heap_init,,72,
0x00453c9a,43,library,___sbh_find_block,,43,
0x00453cc5,792,library,___sbh_free_block,,792,
0x00453fdd,183,library,___sbh_alloc_new_region,,183,
0x00454094,262,library,___sbh_alloc_new_group,,262,
0x0045419a,735,library,___sbh_resize_block,,735,
0x00454479,209,library,___sbh_heapmin,,209,
0x0045454a,793,library,___sbh_heap_check,,793,
0x00454863,91,library,__set_sbh_threshold,,91,
0x004548be,764,library,___sbh_alloc_block,,764,
0x00454bbc,59,library,__SEH_prolog,,59,
0x00454bf7,17,library,__SEH_epilog,,17,
0x00454c10,230,library,__except_handler3,,230,
0x00454cf6,27,library,__seh_longjmp_unwind@4,,27,
0x00454d11,281,library,__flsbuf,,281,
0x00454e2a,51,library,_write_char,,51,
0x00454e5d,36,library,_write_multi_char,,36,
0x00454e81,55,library,_write_string,,55,
0x00454eb8,9,library,_get_int_arg,,9,
0x00454ec1,12,library,_get_int64_arg,,12,
0x00454ecd,10,library,_get_short_arg,,10,
0x00454ed7,1946,library,sub_454ED7,34,1980,origin-corrected game->library: CRT __output; +34B tail table (not in IDA size)
0x00455693,53,library,?terminate@@YAXXZ,,53,
0x004556c8,24,library,?unexpected@@YAXXZ,,24,
0x004556e0,45,library,?_inconsistency@@YAXXZ,,45,
0x0045570d,36,library,?_set_new_handler@@YAP6AHI@ZP6AHI@Z@Z,,36,
0x00455731,6,game,sub_455731,,6,
0x00455737,27,library,__callnewh,,27,
0x00455752,119,library,___isctype_mt,,119,
0x004557c9,39,library,__isctype,,39,
0x004557f0,6,game,sub_4557F0,,6,
0x004557f6,6,game,sub_4557F6,,6,
0x004557fc,208,library,___freetlocinfo,,208,
0x004558cc,193,library,___updatetlocinfo_lk,,193,
0x0045598d,3,game,sub_45598D,,3,
0x00455990,36,library,__strcats,,36,
0x004559b4,220,library,___lc_strtolc,,220,
0x00455a90,78,library,___lc_lctostr,,78,
0x00455ade,59,library,___updatetlocinfo,,59,
0x00455b19,218,game,sub_455B19,,218,
0x00455bf3,352,game,sub_455BF3,,352,
0x00455d53,660,game,sub_455D53,,660,
0x00455fe7,477,game,sub_455FE7,,477,
0x004561c4,346,library,_setlocale,,346,
0x00456327,29,library,__mtterm,,29,
0x00456344,19,library,__initptd,,19,
0x00456357,113,library,__getptd,,113,
0x004563c8,327,library,__freefls@4,,327,
0x0045650f,47,library,__freeptd,,47,
0x0045653e,6,thunk,GetCurrentThreadId,,6,
0x00456544,6,thunk,GetCurrentThread,,6,
0x0045654a,239,library,__mtinit,,239,
0x00456640,52,library,__allmul,,52,
0x00456674,161,library,sub_456674,,161,origin-corrected game->library: CRT __fltin2
0x00456720,139,library,_strlen,,139,
0x004567ab,63,library,_isalpha,,63,
0x004567ea,58,library,_isupper,,58,
0x00456824,58,library,_islower,,58,
0x0045685e,58,library,_isdigit,,58,
0x00456898,63,library,_isxdigit,,63,
0x004568d7,58,library,_isspace,,58,
0x00456911,58,library,_ispunct,,58,
0x0045694b,63,library,_isalnum,,63,
0x0045698a,63,library,_isprint,,63,
0x004569c9,63,library,_isgraph,,63,
0x00456a08,58,library,_iscntrl,,58,
0x00456a42,13,library,___isascii,,13,
0x00456a4f,8,library,___toascii,,8,
0x00456a57,26,library,___iscsymf,,26,
0x00456a71,26,library,___iscsym,,26,
0x00456a8b,1,library,nullsub_1,,1,origin-corrected game->library: CRT 
0x00456a8c,56,library,__cfltcvt_init_0,,56,
0x00456ac4,16,game,sub_456AC4,,16,
0x00456ad4,30,library,__fpmath,,30,
0x00456af2,9,library,__errno,,9,
0x00456afb,9,library,___doserrno,,9,
0x00456b04,115,library,__dosmaperr,,115,
0x00456b80,104,library,__aulldiv,,104,
0x00456be8,680,library,__tzset_lk,,680,
0x00456e90,440,library,_cvtdate,,440,
0x00457048,391,library,__isindst_lk,,391,
0x004571cf,76,library,___tzset,,76,
0x0045721b,53,library,__tzset,,53,
0x00457250,62,library,__isindst,,62,
0x0045728e,263,library,_gmtime,,263,
0x00457395,434,library,sub_457395,,434,origin-corrected game->library: CRT _realloc
0x00457547,47,library,___crtExitProcess,,47,
0x00457577,9,library,__lockexit,,9,
0x00457580,9,library,__unlockexit,,9,
0x00457589,24,library,__initterm,,24,
0x004575a1,30,library,__initterm_e,,30,
0x004575bf,106,library,__cinit,,106,
0x00457629,195,library,_doexit,,195,
0x004576ec,17,library,_exit,,17,
0x004576fd,17,library,__exit,,17,
0x0045770e,15,library,__cexit,,15,
0x0045771d,15,library,__c_exit,,15,
0x0045772c,118,library,__msize,,118,
0x004577a2,44,library,_xcptlookup,,44,
0x004577ce,356,library,__XcptFilter,,356,
0x00457932,27,library,___CppXcptFilter,,27,
0x0045794d,215,library,sub_45794D,,215,origin-corrected game->library: CRT _calloc
0x00457a24,24,library,__hextodec,,24,
0x00457a3c,22,library,__inc,,22,
0x00457a52,13,library,__un_inc,,13,
0x00457a5f,29,library,__whiteout,,29,
0x00457a7c,3627,library,sub_457A7C,,3627,origin-corrected game->library: CRT __input
0x004588a7,631,library,sub_4588A7,,631,origin-corrected game->library: CRT ___libm_error_support
0x00458b1e,53,library,_has_osfxsr_set,,53,
0x00458c25,20,library,__set_SSE2_enable,,20,
0x00458c39,211,library,__floor_default,,211,
0x00458d0c,133,library,__mbctoupper,,133,
0x00458d91,227,library,__resetstkoflw,,227,
0x00458e74,48,library,_report_failure,,48,
0x00458ea5,14,library,@__security_check_cookie@4,,14,
0x00458ec0,61,library,__alloca_probe,,61,
0x00458efd,376,library,sub_458EFD,,376,origin-corrected game->library: CRT __NMSG_WRITE
0x00459075,42,library,__GET_RTERRMSG,,42,
0x0045909f,57,library,__FF_MSGBANNER,,57,
0x004590d8,93,library,__wincmdln,,93,
0x00459135,199,library,__setenvp,,199,
0x004591fc,364,library,_parse_cmdline,,364,
0x00459368,162,library,__setargv,,162,
0x0045940a,290,library,___crtGetEnvironmentStringsA,,290,
0x0045952c,510,library,__ioinit,,510,
0x0045972a,76,library,__ioterm,,76,
0x00459776,68,library,sub_459776,,68,origin-corrected game->library: CRT __RTC_Initialize
0x004597ba,68,game,sub_4597BA,,68,
0x004597fe,16,library,___crtInitCritSecNoSpinCount@8,,16,
0x0045980e,139,library,___crtInitCritSecAndSpinCount,,139,
0x0045989c,32,library,__global_unwind2,,32,
0x004598bc,34,library,__unwind_handler,,34,
0x004598de,104,library,__local_unwind2,,104,
0x00459946,35,library,__abnormal_termination,,35,
0x00459969,9,library,__NLG_Notify1,,9,
0x00459972,24,library,__NLG_Notify,,24,
0x0045998a,553,library,__ValidateEH3RN,,553,
0x00459bb3,116,library,__lseek_lk,,116,
0x00459c27,171,library,__lseek,,171,
0x00459cd2,444,library,sub_459CD2,,444,origin-corrected game->library: CRT __write_lk
0x00459e8e,171,library,sub_459E8E,,171,origin-corrected game->library: CRT __locking
0x00459f39,68,library,__getbuf,,68,
0x00459f7d,42,library,__isatty,,42,
0x00459fa7,6,game,sub_459FA7,,6,
0x00459fad,169,library,___initstdio,,169,
0x0045a056,20,library,___endstdio,,20,
0x0045a06a,47,library,__lock_file,,47,
0x0045a099,35,library,__lock_file2,,35,
0x0045a0bc,47,library,__unlock_file,,47,
0x0045a0eb,35,library,__unlock_file2,,35,
0x0045a10e,96,library,___wctomb_mt,,96,
0x0045a16e,39,library,_wctomb,,39,
0x0045a195,6,game,sub_45A195,,6,
0x0045a19b,6,game,sub_45A19B,,6,
0x0045a1b0,149,library,__aulldvrm,,149,
0x0045a245,23,library,_abort,,23,
0x0045a25d,442,library,___crtGetStringTypeA,,442,
0x0045a417,127,library,__Getdays,,127,
0x0045a496,149,library,__Getmonths,,149,
0x0045a52b,563,library,__Gettnames,,563,
0x0045a75e,32,library,__store_str,,32,
0x0045a77e,54,library,__store_number,,54,
0x0045a7b4,121,library,__store_num,,121,
0x0045a82d,614,library,__expandtime,,614,
0x0045aa93,1162,library,__store_winword,,1162,
0x0045af1d,195,library,sub_45AF1D,,195,origin-corrected game->library: CRT __Strftime_mt
0x0045afe0,50,library,__Strftime,,50,
0x0045b012,27,library,_strftime,,27,
0x0045b02d,6,game,sub_45B02D,,6,
0x0045b033,871,library,__get_lc_time,,871,
0x0045b39a,400,library,__free_lc_time,,400,
0x0045b52a,95,library,___init_time,,95,
0x0045b589,51,library,_fix_grouping,,51,
0x0045b5bc,95,library,___free_lconv_num,,95,
0x0045b61b,461,library,___init_numeric,,461,
0x0045b7e8,51,library,_fix_grouping_0,,51,
0x0045b81b,217,library,___free_lconv_mon,,217,
0x0045b8f4,575,library,___init_monetary,,575,
0x0045bb33,494,library,sub_45BB33,,494,origin-corrected game->library: CRT ___init_ctype
0x0045bd21,6,game,sub_45BD21,,6,
0x0045bd27,25,library,____lc_codepage_func,,25,
0x0045bd40,25,library,____lc_collate_cp_func,,25,
0x0045bd59,25,library,____lc_handle_func,,25,
0x0045bd72,3,game,sub_45BD72,,3,
0x0045bd80,7,library,_strcpy,,7,
0x0045bd90,232,library,_strcat,,232,
0x0045be80,70,library,_strcspn,,70,
0x0045bed0,96,library,_memset,,96,
0x0045bf30,136,library,_strcmp,,136,
0x0045bfc0,829,library,_memcpy_0,,829,
0x0045c2fd,96,library,_TranslateName,,96,
0x0045c35d,26,library,_GetLcidFromDefault,,26,
0x0045c377,122,library,sub_45C377,,122,origin-corrected game->library: CRT _ProcessCodePage
0x0045c3f1,30,library,_TestDefaultCountry,,30,
0x0045c40f,227,library,_crtGetLocaleInfoA@16,,227,
0x0045c4f2,53,library,_LcidFromHexString,,53,
0x0045c527,29,library,_GetPrimaryLen,,29,
0x0045c544,152,library,LocaleEnumProc,,152,origin-corrected game->library: CRT _CountryEnumProc@4
0x0045c5dc,117,library,sub_45C5DC,,117,origin-corrected game->library: CRT _TestDefaultLanguage
0x0045c651,542,library,sub_45C651,,542,origin-corrected game->library: CRT _LangCountryEnumProc@4
0x0045c86f,207,library,sub_45C86F,,207,origin-corrected game->library: CRT _LanguageEnumProc@4
0x0045c93e,55,library,_GetLcidFromCountry,,55,
0x0045c975,134,library,_GetLcidFromLangCountry,,134,
0x0045c9fb,85,library,_GetLcidFromLanguage,,85,
0x0045ca50,437,library,___get_qualified_locale,,437,
0x0045cc10,184,library,_memcmp,,184,
0x0045ccd0,64,library,_strpbrk,,64,
0x0045cd10,70,library,_getSystemCP,,70,
0x0045cd56,47,library,_CPtoLCID,,47,
0x0045cd85,41,library,_setSBCS,,41,
0x0045cdae,411,library,sub_45CDAE,,411,origin-corrected game->library: CRT _setSBUpLow
0x0045cf49,111,library,___updatetmbcinfo,,111,
0x0045cfb8,404,library,sub_45CFB8,,404,origin-corrected game->library: CRT __setmbcp_lk
0x0045d14c,16,library,__getmbcp,,16,
0x0045d15c,336,library,__setmbcp,,336,
0x0045d2ac,30,library,___initmbctable,,30,
0x0045d2ca,50,library,__ZeroTail,,50,
0x0045d2fc,77,library,__IncMan,,77,
0x0045d349,114,library,__RoundMan,,114,
0x0045d3bb,27,library,__CopyMan,,27,
0x0045d3d6,12,library,__FillZeroMan,,12,
0x0045d3e2,25,library,__IsZeroMan,,25,
0x0045d3fb,123,library,__ShrMan,,123,
0x0045d476,344,library,__ld12cvt,,344,
0x0045d5ce,22,library,sub_45D5CE,,22,origin-corrected game->library: CRT __ld12tod
0x0045d5e4,22,library,sub_45D5E4,,22,origin-corrected game->library: CRT __ld12tod
0x0045d5fa,124,library,__ld12told,,124,
0x0045d676,69,library,sub_45D676,,69,origin-corrected game->library: CRT __atodbl
0x0045d701,69,library,sub_45D701,,69,origin-corrected game->library: CRT __atodbl
0x0045d746,1039,library,sub_45D746,128,1167,origin-corrected game->library: CRT ___strgtold12; +128B tail table (not in IDA size)
0x0045dbdb,60,library,__forcdecpt,,60,
0x0045dc17,75,library,__cropzeros,,75,
0x0045dc62,26,library,__positive,,26,
0x0045dc7c,62,library,__fassign,,62,
0x0045dcba,29,library,__shift,,29,
0x0045dcd7,174,library,__cftoe2,,174,
0x0045dd85,112,library,sub_45DD85,,112,origin-corrected game->library: CRT __cftoe
0x0045ddf5,156,library,__cftof2,,156,
0x0045de91,103,library,sub_45DE91,,103,origin-corrected game->library: CRT __cftof
0x0045def8,159,library,sub_45DEF8,,159,origin-corrected game->library: CRT __cftog
0x0045df97,81,library,__cfltcvt,,81,
0x0045dfe8,18,library,__setdefaultprecision,,18,
0x0045dffa,64,library,__ms_p5_test_fdiv,,64,
0x0045e03a,41,library,__ms_p5_mp_test_fdiv,,41,
0x0045e063,129,library,_getenv,,129,
0x0045e0e4,63,game,sub_45E0E4,,63,
0x0045e123,225,library,__filbuf,,225,
0x0045e204,108,library,_ungetc,,108,
0x0045e270,69,library,_ungetc_0,,69,
0x0045e2b5,192,library,___mbtowc_mt,,192,
0x0045e375,43,library,_mbtowc,,43,
0x0045e3a0,3,library,sub_45E3A0,,3,origin-corrected game->library: CRT 
0x0045e3a3,677,library,__raise_exc,,677,
0x0045e648,548,library,__handle_exc,,548,
0x0045e86c,40,library,__set_errno,,40,
0x0045e894,32,library,__get_fname,,32,
0x0045e8b4,45,library,__errcode,,45,
0x0045e8e1,158,library,__umatherr,,158,
0x0045e97f,83,library,__handle_qnan1,,83,
0x0045e9d2,95,library,__handle_qnan2,,95,
0x0045ea31,188,library,sub_45EA31,,188,origin-corrected game->library: CRT __except1
0x0045ebba,17,library,__frnd,,17,
0x0045ebcb,42,library,__set_exp,,42,
0x0045ebf5,21,library,__get_exp,,21,
0x0045ec0a,42,library,__add_exp,,42,
0x0045ec34,37,library,__set_bexp,,37,
0x0045ec59,91,library,__sptype,,91,
0x0045ecb4,188,library,__decomp,,188,
0x0045ed70,11,library,__statfp,,11,
0x0045ed7b,12,library,__clrfp,,12,
0x0045ed87,36,library,__ctrlfp,,36,
0x0045edab,86,library,__set_statfp,,86,
0x0045ee01,28,library,_strncnt,,28,
0x0045ee1d,982,library,sub_45EE1D,,982,origin-corrected game->library: CRT ___crtLCMapStringA
0x0045f1f3,102,library,___security_init_cookie,,102,
0x0045f259,331,library,sub_45F259,,331,origin-corrected game->library: CRT ___security_error_handler
0x0045f3a4,16,game,sub_45F3A4,,16,
0x0045f3b4,9,library,___buffer_overrun,,9,
0x0045f3c0,16,game,sub_45F3C0,,16,
0x0045f3d0,249,library,___crtMessageBoxA,,249,
0x0045f4c9,51,library,_x_ismbbtype,,51,
0x0045f4fc,17,library,__ismbbkalnum,,17,
0x0045f50d,17,library,__ismbbkprint,,17,
0x0045f51e,17,library,__ismbbkpunct,,17,
0x0045f52f,20,library,__ismbbalnum,,20,
0x0045f543,20,library,__ismbbalpha,,20,
0x0045f557,20,library,__ismbbgraph,,20,
0x0045f56b,20,library,__ismbbprint,,20,
0x0045f57f,17,library,__ismbbpunct,,17,
0x0045f590,17,library,__ismbblead,,17,
0x0045f5a1,17,library,__ismbbtrail,,17,
0x0045f5b2,39,library,__ismbbkana,,39,
0x0045f5d9,124,library,__set_osfhnd,,124,
0x0045f655,127,library,__free_osfhnd,,127,
0x0045f6d4,65,library,__get_osfhandle,,65,
0x0045f715,160,library,__lock_fhandle,,160,
0x0045f7b5,34,library,__unlock_fhandle,,34,
0x0045f7d7,380,library,__alloc_osfhnd,,380,
0x0045f953,188,library,__open_osfhandle,,188,
0x0045fa1a,131,library,__lseeki64_lk,,131,
0x0045fa9d,190,library,__lseeki64,,190,
0x0045fb5b,155,library,__fcloseall,,155,
0x0045fbf6,93,library,__flush,,93,
0x0045fc53,46,library,__fflush_lk,,46,
0x0045fc81,213,library,_flsall,,213,
0x0045fd56,70,library,_fflush,,70,
0x0045fda6,9,library,__flushall,,9,
0x0045fdaf,7,library,__fptrap,,7,
0x0045fdb8,143,library,_ctrlevent_capture@4,,143,
0x0045fe47,46,library,_siglookup,,46,
0x0045fe75,9,library,___fpecode,,9,
0x0045fe7e,9,library,___pxcptinfoptrs,,9,
0x0045fe87,417,library,_signal,,417,
0x00460028,377,library,_raise,,377,
0x004601a1,71,library,sub_4601A1,,71,origin-corrected game->library: CRT ___ansicp
0x004601e8,474,library,sub_4601E8,,474,origin-corrected game->library: CRT ___convertcp
0x004603d0,78,library,___ascii_stricmp,,78,
0x0046041e,304,library,sub_46041E,,304,origin-corrected game->library: CRT ___getlocaleinfo
0x0046054e,105,library,__stricmp,,105,
0x004605b7,127,library,__strnicmp,,127,
0x00460636,62,library,_xtoa,,62,
0x00460674,42,library,__itoa,,42,
0x0046069e,39,library,__ltoa,,39,
0x004606c5,26,library,__ultoa,,26,
0x004606df,109,library,_x64toa@20,,109,
0x0046074c,49,library,__i64toa,,49,
0x0046077d,27,library,__ui64toa,,27,
0x00460798,33,library,___addl,,33,
0x004607b9,94,library,___add_12,,94,
0x00460817,46,library,___shl_12,,46,
0x00460845,45,library,___shr_12,,45,
0x00460872,232,library,sub_460872,,232,origin-corrected game->library: CRT ___mtold12
0x0046095a,566,library,sub_46095A,,566,origin-corrected game->library: CRT ___ld12mul
0x00460b90,142,library,sub_460B90,,142,origin-corrected game->library: CRT ___multtenpow12
0x00460c1e,8,library,__tolower,,8,
0x00460c26,200,library,___tolower_mt,,200,
0x00460cee,34,library,_tolower,,34,
0x00460d10,119,library,__fptostr,,119,
0x00460d87,186,library,___dtold,,186,
0x00460e41,120,library,__fltout2,,120,
0x00460eb9,43,library,__fpreset,,43,
0x00460ee4,146,library,__abstract_cw,,146,
0x00460f76,142,library,__hw_cw,,142,
0x00461004,57,library,__abstract_sw,,57,
0x0046103d,16,library,__statusfp,,16,
0x0046104d,17,library,__clearfp,,17,
0x0046105e,50,library,__control87,,50,
0x00461090,22,library,__controlfp,,22,
0x004610a6,78,library,__mbsnbicoll,,78,
0x004610f4,144,library,___wtomb_environ,,144,
0x00461184,477,library,sub_461184,,477,origin-corrected game->library: CRT __read_lk
0x00461361,171,library,sub_461361,,171,origin-corrected game->library: CRT __locking
0x0046140c,76,library,__fclose_lk,,76,
0x00461458,81,library,_fclose,,81,
0x004614a9,188,library,__commit,,188,
0x00461565,304,library,___crtGetLocaleInfoW,,304,
0x00461695,320,library,___crtGetLocaleInfoA,,320,
0x004617e0,97,library,___ascii_strnicmp,,97,
0x00461841,668,library,sub_461841,,668,origin-corrected game->library: CRT _$I10_OUTPUT
0x00461add,28,library,_strncnt_0,,28,
0x00461af9,906,library,sub_461AF9,,906,origin-corrected game->library: CRT ___crtCompareStringA
0x00461e83,77,library,_findenv,,77,
0x00461ed0,97,library,_copy_environ,,97,
0x00461f31,470,library,sub_461F31,,470,origin-corrected game->library: CRT ___crtsetenv
0x00462107,131,library,__close_lk,,131,
0x0046218a,155,library,__close,,155,
0x00462225,43,library,__freebuf,,43,
0x00462250,43,library,__strdup,,43,
0x0046227b,123,library,__mbschr,,123,
0x004622f6,11,library,??$_Allocate@D@std@@YAPADIPAD@Z,,11,
0x00462301,38,library,??0?$basic_string@DU?$char_traits@D@std@@V?$allocator@D@2@@std@@QAE@ABV01@@Z,,38,
0x00462327,60,library,??0logic_error@std@@QAE@ABV?$basic_string@DU?$char_traits@D@std@@V?$allocator@D@2@@1@@Z,,60,
0x00462363,14,library,unknown_libname_82,,14,
0x00462371,29,library,??1logic_error@std@@UAE@XZ,,29,
0x0046238e,28,library,??_Glogic_error@std@@UAEPAXI@Z,,28,
0x004623aa,24,library,??0invalid_argument@std@@QAE@ABV?$basic_string@DU?$char_traits@D@std@@V?$allocator@D@2@@1@@Z,,24,
0x004623c2,28,library,??_Glength_error@std@@UAEPAXI@Z,,28,
0x004623de,11,library,??1length_error@std@@UAE@XZ,,11,
0x004623e9,24,library,??0invalid_argument@std@@QAE@ABV?$basic_string@DU?$char_traits@D@std@@V?$allocator@D@2@@1@@Z_0,,24,
0x00462401,28,library,??_Gout_of_range@std@@UAEPAXI@Z,,28,
0x0046241d,11,library,??1out_of_range@std@@UAE@XZ,,11,
0x00462428,64,library,?_Xran@_String_base@std@@QBEXXZ,,64,
0x00462468,67,library,??0logic_error@std@@QAE@ABV01@@Z,,67,
0x004624ab,24,library,??0invalid_argument@std@@QAE@ABV01@@Z,,24,
0x004624c3,34,library,??0?$basic_string@DU?$char_traits@D@std@@V?$allocator@D@2@@std@@QAE@PBD@Z,,34,
0x004624e5,64,library,?_Xlen@_String_base@std@@QBEXXZ,,64,
0x00462525,24,library,??0invalid_argument@std@@QAE@ABV01@@Z_0,,24,
0x0046253e,6,thunk,HeapFree,,6,
0x00462544,6,thunk,HeapAlloc,,6,
0x0046254a,6,thunk,CreateDirectoryA,,6,
0x00462550,6,thunk,GetSystemTimeAsFileTime,,6,
0x00462556,6,thunk,ExitThread,,6,
0x0046255c,6,thunk,SetEnvironmentVariableA,,6,
0x00462562,6,thunk,GetCurrentDirectoryA,,6,
0x00462568,6,thunk,SetCurrentDirectoryA,,6,
0x0046256e,6,thunk,GetCurrentThreadId_0,,6,
0x00462574,6,thunk,GetModuleHandleA,,6,
0x0046257a,6,thunk,GetCommandLineA,,6,
0x00462580,6,thunk,HeapDestroy,,6,
0x00462586,6,thunk,HeapCreate,,6,
0x0046258c,6,thunk,VirtualFree,,6,
0x00462592,6,thunk,FatalAppExitA,,6,
0x00462598,6,thunk,VirtualAlloc,,6,
0x0046259e,6,thunk,HeapReAlloc,,6,
0x004625a4,6,thunk,IsBadWritePtr,,6,
0x004625aa,6,thunk,TlsAlloc,,6,
0x004625b0,6,thunk,SetLastError,,6,
0x004625b6,6,thunk,GetCurrentThread_0,,6,
0x004625bc,6,thunk,TlsFree,,6,
0x004625c2,6,thunk,TlsSetValue,,6,
0x004625c8,6,thunk,TlsGetValue,,6,
0x004625ce,6,thunk,GetProcAddress,,6,
0x004625d4,6,thunk,WideCharToMultiByte,,6,
0x004625da,6,thunk,GetTimeZoneInformation,,6,
0x004625e0,6,thunk,ExitProcess,,6,
0x004625e6,6,thunk,TerminateProcess,,6,
0x004625ec,6,thunk,GetCurrentProcess,,6,
0x004625f2,6,thunk,HeapSize,,6,
0x004625f8,6,thunk,UnhandledExceptionFilter,,6,
0x004625fe,6,thunk,VirtualProtect,,6,
0x00462604,6,thunk,GetSystemInfo,,6,
0x0046260a,6,thunk,VirtualQuery,,6,
0x00462610,6,thunk,GetStdHandle,,6,
0x00462616,6,thunk,FreeEnvironmentStringsA,,6,
0x0046261c,6,thunk,GetEnvironmentStrings,,6,
0x00462622,6,thunk,FreeEnvironmentStringsW,,6,
0x00462628,6,thunk,GetEnvironmentStringsW,,6,
0x0046262e,6,thunk,SetHandleCount,,6,
0x00462634,6,thunk,GetFileType,,6,
0x0046263a,6,thunk,RtlUnwind,,6,
0x00462640,6,thunk,InterlockedExchange,,6,
0x00462646,6,thunk,GetStringTypeA,,6,
0x0046264c,6,thunk,GetStringTypeW,,6,
0x00462652,6,thunk,GetTimeFormatA,,6,
0x00462658,6,thunk,GetDateFormatA,,6,
0x0046265e,6,thunk,GetCPInfo,,6,
0x00462664,6,thunk,GetUserDefaultLCID,,6,
0x0046266a,6,thunk,GetLocaleInfoA,,6,
0x00462670,6,thunk,EnumSystemLocalesA,,6,
0x00462676,6,thunk,IsValidLocale,,6,
0x0046267c,6,thunk,IsValidCodePage,,6,
0x00462682,6,thunk,GetACP,,6,
0x00462688,6,thunk,GetOEMCP,,6,
0x0046268e,6,thunk,RaiseException,,6,
0x00462694,6,thunk,LCMapStringA,,6,
0x0046269a,6,thunk,LCMapStringW,,6,
0x004626a0,6,thunk,GetTickCount,,6,
0x004626a6,6,thunk,GetCurrentProcessId,,6,
0x004626ac,6,thunk,LoadLibraryA,,6,
0x004626b2,6,thunk,SetStdHandle,,6,
0x004626b8,6,thunk,SetConsoleCtrlHandler,,6,
0x004626be,6,thunk,FlushFileBuffers,,6,
0x004626c4,6,thunk,GetLocaleInfoW,,6,
0x004626ca,6,thunk,CompareStringA,,6,
0x004626d0,6,thunk,CompareStringW,,6,
0x004626d6,43,library,?_JumpToContinuation@@YGXPAXPAUEHRegistrationNode@@@Z,,43,
0x00462706,7,library,sub_462706,,7,
0x0046270d,7,library,sub_46270D,,7,
0x00462714,7,library,sub_462714,,7,
0x0046271b,82,library,?_UnwindNestedFrames@@YGXPAUEHRegistrationNode@@PAUEHExceptionRecord@@@Z,,82,
0x0046276d,54,library,___CxxFrameHandler,,54,
0x004627a3,26,library,___CxxLongjmpUnwind@4,,26,
0x004627bd,59,library,?CatchGuardHandler@@YA?AW4_EXCEPTION_DISPOSITION@@PAUEHExceptionRecord@@PAUCatchGuardRN@@PAX2@Z,,59,
0x004627f8,199,library,?_CallSETranslator@@YAHPAUEHExceptionRecord@@PAUEHRegistrationNode@@PAX2PBU_s_FuncInfo@@H1@Z,,199,
0x004628bf,178,library,?TranslatorGuardHandler@@YA?AW4_EXCEPTION_DISPOSITION@@PAUEHExceptionRecord@@PAUTranslatorGuardRN@@PAX2@Z,,178,
0x00462971,122,library,?_GetRangeOfTrysToCheck@@YAPBU_s_TryBlockMapEntry@@PBU_s_FuncInfo@@HHPAI1@Z,,122,
0x004629eb,40,library,?_CreateFrameInfo@@YAPAUFrameInfo@@PAU1@PAX@Z,,40,
0x00462a13,33,library,?IsExceptionObjectToBeDestroyed@@YAHPAX@Z,,33,
0x00462a34,76,library,?_FindAndUnlinkFrame@@YAXPAUFrameInfo@@@Z,,76,
0x00462a80,89,library,?_CallCatchBlock2@@YAPAXPAUEHRegistrationNode@@PBU_s_FuncInfo@@PAXHK@Z,,89,
0x00462adc,31,library,__EH_prolog,,31,
0x00462afb,58,library,__CxxThrowException@8,,58,
0x00462b35,70,library,??1type_info@@UAE@XZ,,70,
0x00462b7b,28,library,??_Gtype_info@@UAEPAXI@Z,,28,
0x00462b97,27,library,??8type_info@@QBEHABV0@@Z,,27,
0x00462bb2,28,library,??9type_info@@QBEHABV0@@Z,,28,
0x00462bce,31,library,?before@type_info@@QBEHABV1@@Z,,31,
0x00462bed,4,game,sub_462BED,,4,
0x00462bf1,11,game,sub_462BF1,,11,
0x00462bfc,5,library,??4type_info@@AAEAAV0@ABV0@@Z_2,,5,
0x00462c01,17,library,??0exception@@QAE@XZ,,17,
0x00462c12,72,game,sub_462C12,,72,
0x00462c5a,82,library,sub_462C5A,,82,origin-corrected game->library: CRT ??0exception@@QAE@ABV0@@Z
0x00462cac,22,library,??1exception@@UAE@XZ,,22,
0x00462cc2,13,library,?what@exception@@UBEPBDXZ,,13,
0x00462ccf,25,library,??0bad_cast@@QAE@PBD@Z,,25,
0x00462ce8,24,library,??0bad_cast@@QAE@ABV0@@Z,,24,
0x00462d00,11,library,??1bad_cast@@UAE@XZ,,11,
0x00462d0b,25,library,??0bad_typeid@@QAE@PBD@Z,,25,
0x00462d24,24,library,??0bad_typeid@@QAE@ABV0@@Z,,24,
0x00462d3c,11,library,unknown_libname_78,,11,
0x00462d47,24,library,??0__non_rtti_object@@QAE@PBD@Z,,24,
0x00462d5f,24,library,??0__non_rtti_object@@QAE@ABV0@@Z,,24,
0x00462d77,11,library,unknown_libname_79,,11,
0x00462d82,28,library,??_Gexception@@UAEPAXI@Z,,28,
0x00462d9e,31,library,??4exception@@QAEAAV0@ABV0@@Z,,31,
0x00462dbd,28,library,??_Gbad_cast@@UAEPAXI@Z,,28,
0x00462dd9,28,library,sub_462DD9,,28,origin-corrected game->library: CRT ??_Gbad_typeid@@UAEPAXI@Z
0x00462df5,28,library,sub_462DF5,,28,origin-corrected game->library: CRT ??_Gbad_typeid@@UAEPAXI@Z
0x00462e11,79,library,?TypeMatch@@YAHPBU_s_HandlerType@@PBU_s_CatchableType@@PBU_s_ThrowInfo@@@Z,,79,
0x00462e60,30,library,?FrameUnwindFilter@@YAHPAU_EXCEPTION_POINTERS@@@Z,,30,
0x00462e7e,206,library,___FrameUnwindToState,,206,
0x00462f4c,48,library,?ExFilterRethrow@@YAHPAU_EXCEPTION_POINTERS@@@Z,,48,
0x00462f7c,69,library,___DestructExceptionObject,,69,
0x00462fc1,31,library,?AdjustPointer@@YAPAXPAXABUPMD@@@Z,,31,
0x00462fe0,19,library,?__uncaught_exception@@YA_NXZ,,19,
0x00462ff3,163,library,___CxxRegisterExceptionObject,,163,
0x00463096,56,library,___CxxDetectRethrow,,56,
0x004630ce,158,library,___CxxUnregisterExceptionObject,,158,
0x0046316c,4,game,sub_46316C,,4,
0x00463170,46,library,___CxxCallUnwindDtor,,46,
0x0046319e,55,library,___CxxCallUnwindVecDtor,,55,
0x004631d5,452,library,?CallCatchBlock@@YAPAXPAUEHExceptionRecord@@PAUEHRegistrationNode@@PAU_CONTEXT@@PBU_s_FuncInfo@@PAXHK@Z,,452,
0x00463399,380,library,?BuildCatchObject@@YAXPAUEHExceptionRecord@@PAXPBU_s_HandlerType@@PBU_s_CatchableType@@@Z,,380,
0x00463515,293,library,___CxxExceptionFilter,,293,
0x0046363a,103,library,?CatchIt@@YAXPAUEHExceptionRecord@@PAUEHRegistrationNode@@PAU_CONTEXT@@PAXPBU_s_FuncInfo@@PBU_s_HandlerType@@PBU_s_CatchableType@@PBU_s_TryBlockMapEntry@@H1E@Z,,103,
0x004636a1,190,library,?FindHandlerForForeignException@@YAXPAUEHExceptionRecord@@PAUEHRegistrationNode@@PAU_CONTEXT@@PAXPBU_s_FuncInfo@@HH1@Z,,190,
0x0046375f,516,library,?FindHandler@@YAXPAUEHExceptionRecord@@PAUEHRegistrationNode@@PAU_CONTEXT@@PAXPBU_s_FuncInfo@@EH1@Z,,516,
0x00463963,162,library,___InternalCxxFrameHandler,,162,
0x00463a10,76,library,__CallSettingFrame@12,,76,
0x00463a5c,78,library,?__CxxUnhandledExceptionFilter@@YGJPAU_EXCEPTION_POINTERS@@@Z,,78,
0x00463aaa,19,library,?__CxxSetUnhandledExceptionFilter@@YAHXZ,,19,
0x00463aca,28,library,?_ValidateRead@@YAHPBXI@Z,,28,
0x00463ae6,28,library,?_ValidateWrite@@YAHPAXI@Z,,28,
0x00463b02,24,library,?_ValidateExecute@@YAHP6GHXZ@Z,,24,
0x00463b1a,6,thunk,SetUnhandledExceptionFilter,,6,
0x00463b20,6,thunk,IsBadReadPtr,,6,
0x00463b26,6,thunk,IsBadCodePtr,,6,
0x00463b2c,117,library,__ftol2,,117,
0x00463bb0,10,library,_fmod,,10,
0x00463bba,10,library,__CIfmod,,10,
0x00463bf0,20,library,__CIacos,,20,
0x00463c04,9,library,_acos,,9,
0x00463c0d,174,library,start_0,,174,
0x00463cc0,62,library,__cintrindisp2,,62,
0x00463cfe,61,library,__cintrindisp1,,61,
0x00463d3b,72,library,__ctrandisp2,,72,
0x00463d83,7,library,ctranexit,,7,
0x00463d8a,327,library,cintrinexit,,327,
0x00463ed1,51,library,__ctrandisp1,,51,
0x00463f04,60,library,__fload,,60,
0x00463f40,103,library,__trandisp1,,103,
0x00463fa7,140,library,__trandisp2,,140,
0x004640f9,10,library,__rttosnpopde,,10,
0x00464109,1,library,chsifnegret,,1,
0x00464110,279,library,_fdiv_main_routine,,279,
0x00464227,1183,library,__adj_fdiv_r,,1183,
0x004646c6,19,library,__fdivp_sti_st,,19,
0x004646d9,19,library,__fdivrp_sti_st,,19,
0x004646ec,76,library,__adj_fdiv_m32,,76,
0x00464738,76,library,__adj_fdiv_m64,,76,
0x00464784,52,library,__adj_fdiv_m16i,,52,
0x004647b8,52,library,__adj_fdiv_m32i,,52,
0x004647ec,76,library,__adj_fdivr_m32,,76,
0x00464838,76,library,__adj_fdivr_m64,,76,
0x00464884,52,library,__adj_fdivr_m16i,,52,
0x004648b8,52,library,__adj_fdivr_m32i,,52,
0x004648ec,21,library,__safe_fdiv,,21,
0x00464901,21,library,__safe_fdivr,,21,
0x00464916,518,library,__fprem_common,,518,
0x00464b1c,178,library,__adj_fprem,,178,
0x00464bce,518,library,__fprem1_common,,518,
0x00464dd4,181,library,__adj_fprem1,,181,
0x00464e89,6,library,__safe_fprem,,6,
0x00464e8f,6,library,__safe_fprem1,,6,
0x00464e95,3,library,__adj_fpatan,,3,
0x00464e98,3,library,__adj_fptan,,3,
0x00464ea0,23,library,__startTwoArgErrorHandling,,23,
0x00464eb7,60,library,__startOneArgErrorHandling,,60,
0x00464f00,21,library,__twoToTOS,,21,
0x00464f15,23,library,__load_CW,,23,
0x00464f2c,25,library,__convertTOStoQNaN,,25,
0x00464f45,67,library,__fload_withFB,,67,
0x00464f88,22,library,__checkTOS_withFB,,22,
0x00464fd5,183,library,__check_overflow_exit,,183,
0x0046508c,252,library,sub_46508C,,252,origin-corrected game->library: CRT __87except
0x00465940,12,library,unknown_libname_84,,12,
0x00465950,12,library,unknown_libname_85,,12,
0x004659c0,12,library,unknown_libname_86,,12,
0x004659d0,12,library,unknown_libname_87,,12,
0x004659e0,12,library,unknown_libname_88,,12,
0x00465a20,13,game,sub_465A20,,13,
0x00465a30,23,game,sub_465A30,,23,
0x00465a60,13,game,sub_465A60,,13,
0x00465a70,1,game,nullsub_69,,1,
0x00465a80,1,game,nullsub_70,,1,
