address,name,object,status,match_percent,owner,evidence,notes
0x00401000,AsciiManager::AsciiManager,AsciiManager,implemented,,,docs/evidence/ascii-manager.md,Semantic C++ preserves transient pre-clear accesses full-object zero global publication and tail defaults; native ESI ABI remains a thunk boundary
0x00401110,AsciiManager::Initialize,AsciiManager,implemented,,,docs/evidence/ascii-manager.md,Semantic C++ preserves 2/0/3 resource short circuit disabled callback registration priorities VM resource offsets and ignored VM initialization results; native EAX ABI remains a thunk boundary
0x00401260,AsciiManager::~AsciiManager,AsciiManager,implemented,,,docs/evidence/ascii-manager.md,Semantic C++ preserves destruction vptr synchronized callback removal resource release order internal buffer allocator and global clear; native stack ABI remains a thunk boundary
0x00401440,CreateAsciiManager,AsciiManager,implemented,,,docs/evidence/ascii-manager.md,Semantic C++ preserves unconditional initialization after allocation attempt and failure destruction/outer free behavior
0x00401510,AsciiManager::DrawPrimaryStringsCallback,AsciiManager,implemented,,,docs/evidence/ascii-manager.md,Semantic C++ primary-queue callback forwards ECX manager to the recovered stack-body entry
0x00401520,AsciiManager::OnDrawStrings,AsciiManager,implemented,,,docs/evidence/ascii-manager.md,Semantic C++ preserves secondary queue glyph batching GUI view switching newline/space behavior and default-view restoration; native ECX to EBX ABI remains a thunk boundary
0x00401530,AsciiManager::AddString,AsciiManagerStrings,object-matched,100.0,,docs/evidence/ascii-manager.md,Exact ABI layer; objdiff object group matches
0x00401630,AsciiManager::AddFormatText,AsciiManagerStrings,object-matched,100.0,,docs/evidence/ascii-manager.md,Exact ABI layer; objdiff object group matches
0x00401690,AsciiManager::AddFormatTextSelected,AsciiManagerStrings,object-matched,100.0,,docs/evidence/ascii-manager.md,Exact ABI layer; objdiff object group matches
0x00401760,AsciiManager::DrawPrimaryStrings,AsciiManager,implemented,,,docs/evidence/ascii-manager.md,Semantic C++ preserves primary font-variant shadow glyph sizing GUI view switching and byte-level text loop; native stack ABI remains a thunk boundary
0x00401de0,ResetAsciiAnimationVmRecord,AsciiAnimationVm,implemented,,,docs/evidence/ascii-manager.md,Semantic C++ preserves 0x3ac clear retained fields defaults and self pointers; native EDX/plain-ret ABI remains a thunk boundary
0x00403090,CullAsciiSceneChild,AsciiOwnerTraversal,implemented,,,docs/evidence/ascii-scene-traversal.md,Semantic C++ preserves translated center NaN-sensitive squared-distance rejection eight-corner projection closed depth filter and screen-bound culling; native EAX ECX EDX plus ret-4 ABI remains a thunk boundary
0x00403a30,RenderAsciiSceneChannel,AsciiOwnerTraversal,implemented,,,docs/evidence/ascii-scene-traversal.md,Semantic C++ preserves signed outer and operation traversal mode-gated transform/NaN size behavior fog state flushing dispatcher call and scene counters; native stack ret-8 ABI remains a thunk boundary
0x00404610,TickVec3Interpolator,VmLeafHelpers,implemented,,,docs/evidence/vm-leaf-helpers.md,Semantic C++ preserves mode dispatch rate window inversion completion clamp and curve selectors; native EAX EDI ABI remains a thunk boundary
0x00404ed0,TickTimerForwardEsiAbi,PlayerTimerHelpers,implemented,,,docs/evidence/player-shot-spawner-helpers.md,Semantic C++ preserves window-based fixed versus rate-scaled stepping; native ESI ABI remains a thunk boundary
0x00404f30,InitializePlayerMainVmEsiStackAbi,PlayerShotData,implemented,,,docs/evidence/player-shot-data.md,Semantic C++ preserves VM record reset scratch clearing script publication and handler binding including whole-record wipe failure path; native ESI stack ABI remains a thunk boundary
0x004050d0,ResetVec3InterpolatorTimer,VmLeafHelpers,implemented,,,docs/evidence/vm-leaf-helpers.md,Semantic C++ preserves lazy sentinel init and stopped reset; native EAX ABI remains a thunk boundary
0x00405410,TickPlayerTimerEaxStackAbi,PlayerTimerHelpers,implemented,,,docs/evidence/player-shot-spawner-helpers.md,Semantic C++ preserves lazy init sentinel overwrite and arm semantics; native EAX stack ABI remains a thunk boundary
0x004054b0,RefreshHudLivesDisplayEdxStackAbi,PlayerStageHelpers,implemented,,,docs/evidence/player-stage-helpers.md,Semantic C++ preserves three-digit rebind through the 0x43e5a0 semantic body; native EDX stack ABI remains a thunk boundary
0x00405500,CleanupStageLifeFlags,StageEffectHelpers,implemented,,,docs/evidence/stage-effect-helpers.md,Semantic C++ preserves the 0x3b threshold aggregate zero and seven per-life flag clears; native EAX ABI remains a thunk boundary
0x00405860,TickRespawnDeathEffectStackAbi,PlayerStageHelpers,implemented,,,docs/evidence/player-stage-helpers.md,Semantic C++ preserves one-shot latch script selection sound request lives refresh stage cleanup clamp and output flag; native stack ret-4 ABI remains a thunk boundary
0x00408030,ActivateStageEnemyEsiAbi,PlayerStageHelpers,implemented,,,docs/evidence/player-stage-helpers.md,Semantic C++ preserves state transition on-screen test effect spawn and deferred flag; native ESI ABI remains a thunk boundary
0x00408100,ScanIntroActivations,PlayerStageHelpers,implemented,,,docs/evidence/player-stage-helpers.md,Semantic C++ preserves 2000-slot sweep gates reach test and optional particle burst; native EAX EBX stack ABI remains a thunk boundary
0x00409e50,ReleaseTimelineContinuationHandle,TimelineRenderObjects,implemented,,,docs/evidence/timeline-record-interpreter.md,Semantic C++ preserves kind-1 mark through handle pointer and child propagation; native EAX ABI remains a thunk boundary
0x00409e50,ExpireEntityHandleEaxAbi,EntityHelpers,implemented,,,docs/evidence/entity-helpers.md,Semantic C++ preserves handle resolution and state word 1; native EAX ABI remains a thunk boundary
0x0040ac90,RequestGameStateTransitionEaxStackAbi,PlayerFrameworkHelpers,implemented,,,docs/evidence/player-framework-helpers.md,Semantic C++ preserves pending-state store with the 0x1000 override to state 2; native EAX stack ABI remains a thunk boundary
0x0040b480,LoadTimelineStream,TimelineStreamLoader,implemented,,,docs/evidence/timeline-record-interpreter.md,Semantic C++ preserves scratch copy packed load and gate_state+0x14 replacement with prior buffer release; native stack ret-4 ABI remains a thunk boundary
0x0040b560,InitializeTimelineGateState,TimelineGateLifecycle,implemented,,,docs/evidence/timeline-gate-lifecycle.md,Semantic C++ preserves scheduler callback registration continuation guard message index audio flag writes stream load and inner 0xec state seed; native stack ABI remains a thunk boundary
0x0040b7b0,DestroyTimelineGateState,TimelineGateLifecycle,implemented,,,docs/evidence/timeline-gate-lifecycle.md,Semantic C++ preserves synchronized callback removal cache-pair release inner destroy four owner work slots stream free and global clears; native stack ret-4 ABI remains a thunk boundary
0x0040b940,CreateTimelineGateState,TimelineGateLifecycle,implemented,,,docs/evidence/timeline-gate-lifecycle.md,Semantic C++ preserves 0x28-byte alloc flag bit1 global publish init failure destroy; native plain-ret ABI remains a thunk boundary
0x0040b940,CreateTransitionObject,MainChainContext,implemented,,,docs/evidence/title-game-lifecycle.md,Semantic allocation/init/failure cleanup evidence; initializer remains a boundary
0x0040b9d0,DestroyTimelineGateStateObject,TimelineGateLifecycle,implemented,,,docs/evidence/timeline-gate-lifecycle.md,Semantic C++ preserves in-place destroy then free wrapper; native ESI=gate plain-return ABI remains a thunk boundary
0x0040ba70,TimelineGateCalculationCallback,TimelineGateLifecycle,implemented,,,docs/evidence/timeline-gate-lifecycle.md,Semantic C++ preserves AdvanceTimelineRecordController dispatch shared-status write and frame-counter gate branches; native fastcall ABI remains a thunk boundary
0x0040ba80,TimelineGateDrawCallback,TimelineGateLifecycle,implemented,,,docs/evidence/timeline-gate-lifecycle.md,Semantic C++ preserves constant-one draw-chain stub; native fastcall ABI remains a thunk boundary
0x0040ba90,InitializeInnerTimelineState,TimelineGateLifecycle,implemented,,,docs/evidence/timeline-gate-lifecycle.md,Semantic C++ preserves five preset text slots record pointer and three timer block init with flags bit0 and white color; native stack ABI remains a thunk boundary
0x0040bd20,AdvanceTimelineRecordController,TimelineRecordInterpreter,implemented,,,docs/evidence/timeline-record-interpreter.md,Semantic C++ preserves interpreter nonzero-to-one mapping and separate outer x87 rate timer advance; native ESI ABI remains a thunk boundary
0x0040bd80,ExecuteTimelineRecords,TimelineRecordInterpreter,implemented,,,docs/evidence/timeline-record-interpreter.md,Semantic C++ preserves record timing variable payload stepping opcodes 0 through 17 replacement stream reset continuation path and overlay creation; native stack ret-4 ABI remains a thunk boundary
0x0040c3a0,TimelineContinuationThreadEntry,TimelineContinuation,implemented,,,docs/evidence/timeline-record-interpreter.md,Semantic C++ preserves gate-state inner pointer fetch and 0x40c3c0 body dispatch; native beginthreadex entry remains a thunk boundary
0x0040c3c0,RunTimelineContinuationBody,TimelineContinuation,implemented,,,docs/evidence/timeline-record-interpreter.md,Semantic C++ preserves scratch path copy RequestManagerWork slot write flags bit clear and continuation-handle release; native plain-ret ABI remains a thunk boundary
0x0040c480,MarkTimelineTextHandleKindTwo,TimelineRecordInterpreter,implemented,,,docs/evidence/timeline-record-interpreter.md,Semantic C++ preserves handle resolve kind-2 field write conditional child-list propagation and null behavior; native EAX ABI remains a thunk boundary
0x0040c4d0,MarkTimelineTextHandleKindThree,TimelineRecordInterpreter,implemented,,,docs/evidence/timeline-record-interpreter.md,Semantic C++ preserves handle resolve kind-3 field write conditional child-list propagation and null behavior; native EAX ABI remains a thunk boundary
0x0040c4d0,FireEntityHandleEaxAbi,EntityHelpers,implemented,,,docs/evidence/entity-helpers.md,Semantic C++ preserves handle resolution and state word 3; native EAX ABI remains a thunk boundary
0x0040c540,StartTimelineContinuation,TimelineContinuation,implemented,,,docs/evidence/timeline-record-interpreter.md,Semantic C++ preserves continuation-handle guard float param stack and kind-6 render-object creation via 0x448d50; native ESI plus stack float ABI remains a thunk boundary
0x00412e70,AddMaximumScorePenalty,PlayerFrameworkHelpers,implemented,,,docs/evidence/player-framework-helpers.md,Semantic C++ preserves the arg/10 drain on 0x474c4c with the 5000 floor; native thiscall ABI remains a thunk boundary
0x00413200,LinkChildListNode,VmLeafHelpers,implemented,,,docs/evidence/vm-leaf-helpers.md,Semantic C++ preserves push-front with the stale-next empty-list quirk; native EAX ECX ABI remains a thunk boundary
0x00413450,DestroyRegistrationDrawOwner,RegistrationDrawOwner,implemented,,,docs/evidence/registration-draw-owner.md,Semantic C++ preserves callback-lock removal scheduler-owned record release global clear and owner outer free; native EBX/plain-ret ABI remains a thunk boundary
0x00413790,RefreshLifeIconsEaxStackAbi,PlayerFrameworkHelpers,implemented,,,docs/evidence/player-framework-helpers.md,Semantic C++ preserves nine-slot icon visibility with the count-greater-than-8 early return; native EAX stack ABI remains a thunk boundary
0x00415800,RenderAsciiHudBatch,AsciiHudRenderer,implemented,,,docs/evidence/ascii-hud-renderer.md,Semantic C++ preserves fixed and conditional VM ranges progress bar rectangle formulas NaN-sensitive entry behavior and unconditional one result; native stack ret-4 ABI remains a thunk boundary
0x00417010,DecryptTimelineRecordText,TimelineRenderObjects,implemented,,,docs/evidence/timeline-record-interpreter.md,Semantic C++ preserves XOR key/step loop into shared scratch; native plain-ret ABI remains a thunk boundary
0x00417c70,TitleScreenCallbackWorker,MainChainContext,implemented,,,docs/evidence/title-game-lifecycle.md,Body in src/TitleGameManagerLifecycle.cpp preserves the one-call CRT wrapper forwarding the published title screen to the 0x417870 startup orchestration
0x004180e0,CreateTitleScreen,MainChainContext,implemented,,,docs/evidence/title-game-lifecycle.md,Body in src/TitleGameManagerLifecycle.cpp preserves operator-new 0x60 sub-object init whole-zero owner-hook +0x5c mode bit2 publish DAT_00477810 and callback-thread start via TitleScreenCallbackWorker; native ret-4 ABI remains a boundary
0x00418150,DestroyTitleScreen,MainChainContext,implemented,,,docs/evidence/title-game-lifecycle.md,Body in src/TitleGameManagerLifecycle.cpp preserves null check in-place teardown 0x417c80 and outer delete without clearing the global
0x00418b80,ResetMainChainFrameStateBlock,MainChainContext,implemented,,,docs/evidence/title-game-lifecycle.md,Body in src/TitleGameManagerLifecycle.cpp preserves the DAT_00474c40 fixed-owner reset with +0x0c value/10 first-use seeding of +0x14 -999999 +0x18 0 +0x1c 0 and +0x20 time-scale-target pointer and the final -1 0 0 triples
0x004187c0,TitleScreenCalcCallback,MainChainContext,implemented,,,docs/evidence/title-game-lifecycle.md,Body in src/TitleGameManagerLifecycle.cpp is the one-instruction ECX-to-stack forwarder preserving the title calc controller 0x418190 boundary
0x004187d0,TitleScreenDrawCallback,MainChainContext,implemented,,,docs/evidence/title-game-lifecycle.md,Body in src/TitleGameManagerLifecycle.cpp preserves boot-flag-gated clearing of the four render-owner words +0x4c/0x50/0x54/0x58 and the constant one result
0x00418c40,InitializeTitleScreenSubObject,MainChainContext,implemented,,,docs/evidence/title-game-lifecycle.md,Body in src/TitleGameManagerLifecycle.cpp preserves 0x34 clear extent/flag seeds 0x100003 geometry default copies and tail bytes; standalone reusable initializer whose CreateTitleScreen pre-zero writes are erased
0x0041a120,CreateTextEffect,StageEffectHelpers,implemented,,,docs/evidence/stage-effect-helpers.md,Semantic C++ preserves 0x88 allocation layer list link defaults and 64-byte text copy; native EBX stack ret-8 ABI remains a thunk boundary
0x0041ab70,SetupScaleInterpolation,VmLeafHelpers,implemented,,,docs/evidence/vm-leaf-helpers.md,Semantic C++ preserves snapshot target duration mode and timer reset; native EAX ECX EDX stack ABI remains a thunk boundary
0x0041bb00,SpawnExplosionParticleEaxEcxEfxAbi,PlayerFrameworkHelpers,implemented,,,docs/evidence/player-framework-helpers.md,Semantic C++ preserves 150-record scan clamp kind remap script selection and the kind-8 ring variant; native EAX ECX stack ABI remains a thunk boundary
0x0041beb0,InitMovementBlock,StageEffectHelpers,implemented,,,docs/evidence/stage-effect-helpers.md,Semantic C++ preserves the two-component FSINCOS velocity block; native ECX stack ret-8 ABI remains a thunk boundary
0x0041c800,BroadcastEntranceTweenEaxEbxStackAbi,PlayerStageHelpers,implemented,,,docs/evidence/player-stage-helpers.md,Semantic C++ preserves target cache skip flag and virtual accumulation; native EAX EBX stack ABI remains a thunk boundary
0x0041c850,BroadcastBulletClearEaxAbi,PlayerStageHelpers,implemented,,,docs/evidence/player-stage-helpers.md,Semantic C++ preserves the broadcast walk with the skip flag; native EAX ABI remains a thunk boundary
0x0041f7a0,ZunMath::IsOutsidePlayfieldBounds,ZunMathBounds,object-matched,100.0,,docs/evidence/zunmath.md,Exact x87 leaf-function reconstruction; objdiff and text bytes match
0x0041f800,ZunMath::SetVectorFromAngle,ZunMath,object-matched,100.0,,docs/evidence/zunmath.md,Exact x87 leaf-function reconstruction; objdiff object matches
0x0041f8d0,InitializeFrontAndBulletResources,GlobalLifecycleStartup,implemented,,,docs/evidence/global-lifecycle-implementation.md,Semantic C++ preserves sequential front/bullet work requests failure logging no rollback and -1/0 result while lifecycle startup ignores the result
0x0041f930,ReleaseGlobalBuffers,GlobalBufferRelease,object-matched,100.0,,docs/evidence/global-buffer-release.md,Exact register-preserving release path; objdiff and text bytes match; owner intentionally unspecified
0x0041f990,GlobalLifecycleStartupThread,GlobalLifecycleStartup,implemented,,,docs/evidence/global-lifecycle-implementation.md,Semantic C++ preserves global-manager lookup manager-work gates failure state BGM load/override order and callback enablement; native cdecl entry remains behind a stdcall CRT adapter
0x0041feb0,DisableGlobalManagerChainsOnFlag,GlobalManagerDisableChainsCallback,object-matched,100.0,,docs/evidence/global-manager-callbacks.md,Exact flag-controlled chain-disable callback; objdiff and text bytes match; owner intentionally unspecified
0x0041fef0,InvokeGlobalManagerFrameHandler,GlobalManagerFrameCallback,object-matched,100.0,,docs/evidence/global-manager-callbacks.md,Exact ECX-to-stack forwarding wrapper; objdiff and text bytes match; owner intentionally unspecified
0x0041ff30,StoreEcxAtEaxOffset390,GlobalManagerMicroHelpers,object-matched,100.0,,docs/evidence/global-manager-micro-helpers.md,Exact 7-byte store helper; objdiff and text bytes match; direct callers absent
0x0041ff40,ReadEaxOffset150Bit4,GlobalManagerMicroHelpers,object-matched,100.0,,docs/evidence/global-manager-micro-helpers.md,Exact 13-byte bit-read helper; objdiff and text bytes match; direct callers absent
0x0041ff60,ReleaseChainElementAtEaxOffset62C,GlobalManagerChainElementRelease,object-matched,100.0,,docs/evidence/global-manager-chain-element-release.md,Exact 22-byte release/reinitialization helper; objdiff and text bytes match; pointed-to type intentionally unspecified
0x0041ff80,MainChainUpdate,GlobalManagerStateUpdate,object-matched,100.0,,docs/evidence/global-manager-state-update.md,Exact 113-byte main calculation-chain callback; objdiff and text bytes match; context is 0x00491c28
0x00420000,MainChainDrawInitialize,MainChainDrawInitialize,object-matched,100.0,,docs/evidence/main-chain-draw-initialize.md,Exact 177-byte draw initializer; objdiff and text bytes match; context is 0x00491c28
0x004200c0,MainChainDrawContinue,MainChainDrawCallbacks,object-matched,100.0,,docs/evidence/main-chain-draw-callbacks.md,Exact 6-byte draw-chain continue callback; objdiff and text bytes match
0x004200d0,MainChainDrawReset,MainChainDrawCallbacks,object-matched,100.0,,docs/evidence/main-chain-draw-callbacks.md,Exact draw reset callback; objdiff and text bytes match; preserves ESI call contract
0x004200d0,MainChainDrawFinalize,MainChainDrawCallbacks,implemented,,,docs/evidence/main-chain-render-dependencies.md,Semantic C++ flushes pending vertices through recovered D3D9 slots then resets the two callback fields
0x004201b0,InitializeMainChainCalculationCallback,MainChainRegistrationHook,implemented,,,docs/evidence/main-chain-registration-hook.md,Semantic C++ preserves startup globals and both distinct thread-creation boundaries; native ECX/plain-ret ABI remains a thunk boundary
0x00420270,ShutdownMainChainRuntime,MainChainShutdown,implemented,,,docs/evidence/main-chain-global-teardown.md,Semantic C++ preserves cooperative thread stops resource gate version buffer global-object and registration teardown BGM shutdown queue DirectInput release timer sequence and archive clear; native EAX/plain-ret ABI remains a thunk boundary
0x004203a0,DestroyMidiTimer,MidiTimer,implemented,,,docs/evidence/main-chain-global-teardown.md,Semantic C++ preserves EAX deleting-destructor body in-place timer teardown bit-0 outer free original-pointer return and native ret-4 ABI boundary
0x004203c0,DestroyMidiTimerInPlace,MidiTimer,implemented,,,docs/evidence/main-chain-global-teardown.md,Semantic C++ preserves vtable replacement optional timer kill two end-period calls and timer-id clear; native ESI/plain-ret ABI remains a thunk boundary
0x004203f0,DestroyAllMainChainObjects,MainChainGlobalTeardown,implemented,,,docs/evidence/main-chain-global-teardown.md,Semantic C++ preserves ordered in-place teardown of title game-manager lifecycle gate and unknown objects without clearing globals itself
0x00420470,RegisterMainChainCallbacks,MainChainRegistration,object-matched,100.0,,docs/evidence/main-chain-registration.md,Exact 204-byte main-chain registration function; objdiff and text bytes match
0x00420870,LoadMainChainConfiguration,MainChainConfiguration,implemented,,,docs/evidence/main-application-platform-cleanup.md,Semantic C++ preserves default blob file-size/magic/range validation valid input-binding publication context startup flags and write-failure result; native EBX path plus stack context ABI remains a thunk boundary
0x00420a90,SubmitTimelineAudioPath,TimelineAudioActions,implemented,,,docs/evidence/timeline-record-interpreter.md,Semantic C++ preserves path copy extension rewrite and BGM opcode-1 queue; native stack ABI remains a thunk boundary
0x00420a90,StartBgmTrack,StageEffectHelpers,implemented,,,docs/evidence/stage-effect-helpers.md,Semantic C++ preserves the wav extension rewrite and queue push through the QueueBgmCommand body; native stack ret-8 ABI remains a thunk boundary
0x00420b10,SelectTimelineAudioMode,TimelineAudioActions,implemented,,,docs/evidence/timeline-record-interpreter.md,Semantic C++ preserves preloaded dummy opcode-4 gate dummy opcode-2 queue and indexed flag-byte write; native thiscall ABI remains a thunk boundary
0x00420c30,SetTimelineAudioValue,TimelineAudioActions,implemented,,,docs/evidence/timeline-record-interpreter.md,Semantic C++ preserves zero-rate and unity-rate x87 branches before opcode-5 BGM queue; native stack float ABI remains a thunk boundary
0x00420c90,EnableMainChainFogIfNeeded,MainChainRenderAdapters,implemented,,,docs/evidence/main-chain-draw-target.md,Semantic C++ preserves cache-hit return flush-before-state-change ordering cache update and D3D9 SetRenderState slot 57
0x00420cd0,DisableMainChainFogIfNeeded,MainChainRenderAdapters,implemented,,,docs/evidence/main-chain-draw-target.md,Semantic C++ preserves nonzero-cache disable condition and D3D9 state 0x1c transaction
0x00420d10,EnableMainChainZWriteIfNeeded,MainChainRenderAdapters,implemented,,,docs/evidence/main-chain-draw-target.md,Semantic C++ preserves cache-hit return and D3D9 state 0x0e enable transaction
0x00420d50,DisableMainChainZWriteIfNeeded,MainChainRenderAdapters,implemented,,,docs/evidence/main-chain-draw-target.md,Semantic C++ preserves nonzero-cache disable condition and D3D9 state 0x0e transaction
0x00420d90,FlushThenSetMainChainRenderState,MainChainRenderAdapters,implemented,,,docs/evidence/main-chain-draw-target.md,Semantic C++ preserves unconditional pending-vertex flush before forwarding state and value through D3D9 slot 57
0x00421480,UpdateMainChainD3DFrameState,MainChainRenderAdapters,implemented,,,docs/evidence/main-chain-render-dependencies.md,Semantic C++ preserves EDI camera-work input unsigned viewport conversion fixed camera matrices ordered transforms and render-owner value mirrors
0x004215a0,UpdateMainChainCameraWork,MainChainRenderAdapters,implemented,,,docs/evidence/main-chain-render-dependencies.md,Semantic C++ preserves local camera offsets, D3DX call order, D3D transforms, and render-owner value mirrors; native EDI ABI remains a thunk boundary
0x004218d0,MainChainAdvanceState,MainChainAdvanceState,implemented,,,docs/evidence/main-chain-advance-state-verification.md,Semantic C++ reconstruction covers states 0..15 and verified lock/error paths; custom EAX ABI and callee interfaces remain pending
0x004231d0,RunGameOverPathBStackAbi,PlayerFrameworkHelpers,implemented,,,docs/evidence/player-framework-helpers.md,Semantic C++ preserves state-6 switch timer reset overlay VMs BGM sound halts and timescale reset; native EDI stack ABI remains a thunk boundary
0x00424480,CreateGameOverOverlay,StageEffectHelpers,implemented,,,docs/evidence/stage-effect-helpers.md,Semantic C++ preserves entity parameter copy rounded fields busy guard and passthrough slots; native ESI stack ret-0x14 ABI remains a thunk boundary
0x00424650,ShowCautionText,PlayerFrameworkHelpers,implemented,,,docs/evidence/player-framework-helpers.md,Semantic C++ preserves layer lifetime decrements text spawn and fixed tint/timing fields; native ESI stack ABI remains a thunk boundary
0x004247f0,InitializePlayerObject,PlayerObjectLifecycle,implemented,,,docs/evidence/player-object-lifecycle.md,Semantic C++ preserves ANM slot-8 request callback-chain registration VM init shot tables NaN-transient entity records and option-record rebuild; native EBX ABI remains a thunk boundary
0x004250b0,UpdatePlayerMovementEdiAbi,PlayerMovement,implemented,,,docs/evidence/player-movement.md,Semantic C++ preserves diagonal-priority input decode focus gating fixed-point integration clamps history-ring saturation option lerp and direction animations; native EDI ABI remains a thunk boundary
0x00425730,UpdatePlayerModeDispatcher,PlayerModeDispatcher,implemented,,,docs/evidence/player-mode-dispatcher.md,Semantic C++ preserves mode-0..4 dispatch with in-call fallthroughs common epilogue sub-effect records scaled timers box recomputation magnet and projectile manager; stack ABI remains a thunk boundary
0x00426360,RenderAsciiSceneObjectAndBarOverlay,AsciiSceneObjectRenderer,implemented,,,docs/evidence/ascii-scene-object-bar.md,Semantic C++ preserves mode-2 skip scrolled position publication VM dispatch four ECX record callbacks gated overlay-bar rectangles and unconditional one result; native EAX ABI remains a thunk boundary
0x00426520,LoadPlayerShotDataEsiEaxAbi,PlayerShotData,implemented,,,docs/evidence/player-shot-data.md,Semantic C++ preserves packed load sin-pi-over-4 scaling pointer rebasing and four-table handler resolution without bounds checks; native ESI EAX ABI remains a thunk boundary
0x00426610,ComputeDeathBurstAngleEcxEaxAbi,PlayerFrameworkHelpers,implemented,,,docs/evidence/player-framework-helpers.md,Semantic C++ preserves atan2 with the exact-zero pi/2 fallback and NaN propagation; native ECX EAX ABI remains a thunk boundary
0x004269d0,ProcessPlayerDeathStackAbi,PlayerDeathProcessor,implemented,,,docs/evidence/player-death-processor.md,Semantic C++ preserves power-floor penalty life-icon refresh mode-2 switch timer resets embedded-record rebind hard-kill option teardown caution gate boss-flag clearing and counter clamp; stack ret-4 ABI remains a thunk boundary
0x00426f70,RebuildPlayerOptionRecords,PlayerOptionRecords,implemented,,,docs/evidence/player-mode-dispatcher.md,Semantic C++ preserves soft/hard release asymmetry power-effect early loop character/sub-type branches spawn-then-kill and tier latches; stack ret-4 ABI remains a thunk boundary
0x00427950,UpdateHomingOptionRecord,PlayerOptionCallbacks,implemented,,,docs/evidence/player-item-magnet.md,Semantic C++ preserves unfocused offset freeze and focused eight-slot trail interpolation; native ECX thiscall ABI remains a thunk boundary
0x00427ad0,UpdateAngularOptionRecord,PlayerOptionCallbacks,implemented,,,docs/evidence/player-item-magnet.md,Semantic C++ preserves anchor latch and option sprite state-word switching on focus edges; native ECX thiscall ABI remains a thunk boundary
0x00427b50,SpawnPlayerSubEffectEcxDxStackAbi,PlayerShotSpawner,implemented,,,docs/evidence/player-shot-spawner-helpers.md,Semantic C++ preserves full-record zeroing flags position velocity timer block and tail fields; native EDX stack ret-0x14 ABI remains a thunk boundary
0x00427e90,SpawnPlayerShotStackAbi,PlayerShotSpawner,implemented,,,docs/evidence/player-shot-spawner-helpers.md,Semantic C++ preserves silent guards slot latch once-per-slot position sources velocity offset entity allocation validation angle injection and sound queueing; stack ret-0xc ABI remains a thunk boundary
0x00428160,FireScheduledShotsEdiBbxAbi,PlayerItemMagnet,implemented,,,docs/evidence/player-item-magnet.md,Semantic C++ preserves power-row plus focus selection and period-phase descriptor walk; native EDI EBX ABI remains a thunk boundary
0x004281d0,TickItemMagnetEaxAbi,PlayerItemMagnet,implemented,,,docs/evidence/player-item-magnet.md,Semantic C++ preserves mode gate autocollect sawtooth schedule firing and timer helpers; native EAX ABI remains a thunk boundary
0x00428280,UpdatePlayerProjectilesStackAbi,PlayerProjectileManager,implemented,,,docs/evidence/player-item-magnet.md,Semantic C++ preserves type-3 despawn abort one-shot fire motion modes playfield cull position publication angle publication and age advance; stack ret-4 ABI remains a thunk boundary
0x00428d70,IsOutsidePlayfieldBox,EntityHelpers,implemented,,,docs/evidence/entity-helpers.md,Semantic C++ preserves fixed playfield extents with NaN outside branch; native ECX stack ABI remains a thunk boundary
0x00428dd0,ShiftVmTimerBack,VmLeafHelpers,implemented,,,docs/evidence/vm-leaf-helpers.md,Semantic C++ preserves the negated operand and rate-scaled rewind through the 0x44bf40 body; native EAX ESI ABI remains a thunk boundary
0x0042c5c0,SetGameManagerState,MainChainContext,implemented,,,docs/evidence/title-game-lifecycle.md,Body in src/TitleGameManagerLifecycle.cpp preserves manager state +0x1c store +0x20 clear and the +0x2b0..+0x2c0 rate-tracker seed reset returning the manager
0x0042c670,SpawnManagerEntityFromScript,MainChainContext,implemented,,,docs/evidence/title-game-lifecycle.md,Body in src/TitleGameManagerLifecycle.cpp preserves the disasm-verified EDI-script-id spawn allocating the render-owner pool VM record with kind 0xf and +0x35c flag script assign entity-list link and manager +0x2c4+4*id publication
0x0042c770,SetManagerSlotEntityStopWord,MainChainContext,implemented,,,docs/evidence/title-game-lifecycle.md,Body in src/TitleGameManagerLifecycle.cpp preserves the slot-id entity resolution state word +0x304 write and container-flagged child recursion returning nonzero on hit
0x0042c920,ConstructGameManagerInPlace,MainChainContext,implemented,,,docs/evidence/title-game-lifecycle.md,Body in src/TitleGameManagerLifecycle.cpp preserves the byte-verified whole-0x5acc zero fill REP STOSD dword +4 bit-1 set and DAT_0047784c publication that survive the native dead member-seed stores
0x0042caa0,InstallGameManagerWorkerChannels,MainChainContext,implemented,,,docs/evidence/title-game-lifecycle.md,Body in src/TitleGameManagerLifecycle.cpp preserves the two bound ChainElem scheduler records calc-priority-6 at +0x0c and draw-priority-3 at +0x10 the title data work requests slots 0x19/0x1a into +0x14/+0x18 and the +0xf4 flag with DAT_004918a4 clear
0x0042c9f0,GameManagerWorkerThread,MainChainContext,implemented,,,docs/evidence/title-game-lifecycle.md,Body in src/TitleGameManagerLifecycle.cpp preserves channel install failure fallback shared status from runtime-flag bit 12 the lifecycle draw-frame 0x12c yield wait the owner +0x3ad070 loading-slot release and the +0x0c calculation record enable
0x0042d2e0,GameManagerCalculationChannel,MainChainContext,implemented,,,docs/evidence/title-game-lifecycle.md,Body in src/TitleGameManagerLifecycle.cpp is the ECX-to-EAX adapter forwarding the manager to the calculation controller 0x42cdf0
0x0042d2f0,GameManagerDrawChannel,MainChainContext,implemented,,,docs/evidence/title-game-lifecycle.md,Body in src/TitleGameManagerLifecycle.cpp is the ECX-to-EAX adapter forwarding the manager to the draw controller 0x42d260
0x0042cdf0,RunGameManagerCalculationBody,MainChainContext,implemented,,,docs/evidence/title-game-lifecycle.md,Body in src/TitleGameManagerLifecycle.cpp preserves the attract/demo preamble parse slot scan selector publication flow fallback and the state dispatch with the disasm-arbitrated rate-window tail
0x0042d260,RunGameManagerDrawBody,MainChainContext,implemented,,,docs/evidence/title-game-lifecycle.md,Body in src/TitleGameManagerLifecycle.cpp preserves per-state draw dispatch over states 9/b/c/f/10 returning one otherwise
0x0042c5c0,SetGameManagerState,MainChainContext,implemented,,,docs/evidence/title-game-lifecycle.md,Body in src/GameManagerState.cpp exported helper stores state +0x1c clears +0x20 and seeds/resets the +0x2b0 rate-tracker block
0x0042c620,SetGameManagerSubState,MainChainContext,implemented,,,docs/evidence/title-game-lifecycle.md,Body in src/GameManagerState.cpp exported helper stores the +0x20 sub-state and performs the identical rate-tracker seed/reset
0x0042c670,SpawnManagerEntityFromScript,MainChainContext,implemented,,,docs/evidence/title-game-lifecycle.md,Body in src/GameManagerState.cpp exported helper allocates pool VM record marks kind 0xf flag 0x40000000 assigns script links entity and writes id at +0x2c4+4*script
0x0042c770,SetManagerSlotEntityStopWord,MainChainContext,implemented,,,docs/evidence/title-game-lifecycle.md,Body in src/GameManagerState.cpp exported helper resolves slot id writes stop word +0x304 and recurses children when +0x18 empty
0x0042d300,RunManagerStateBody1,MainChainContext,implemented,,,docs/evidence/title-game-lifecycle.md,Body in src/GameManagerStateBodies.cpp preserves sub-state dispatch over +0x20 with entry slot spawns the shared >10 counter gate the voice-reset boundary and practice 0x1e threshold
0x00430320,RunManagerStateBody6,MainChainContext,implemented,,,docs/evidence/title-game-lifecycle.md,Body in src/GameManagerStateBodies.cpp preserves the character/extra select menu sub-states entry spawns 0x5d0 handle cursor loop confirm kind-0x71 focus branch and exit cleanup into state 2/7
0x00449470,SetEntityStateWordByHandleSlot,MainChainContext,implemented,,,docs/evidence/title-game-lifecycle.md,Body in src/GameManagerState.cpp preserves id-slot resolve +0x304 stop-word write and +0x14 child propagation when +0x18 count is zero
0x00449250,SetEntityStopWordByIdAndRun,MainChainContext,implemented,,,docs/evidence/title-game-lifecycle.md,Body in src/GameManagerState.cpp preserves id resolve +0x304 write animation body 0x43ee30 run and child propagation with per-child animation
0x004497d0,ResolveChildEntityByKind,MainChainContext,implemented,,,docs/evidence/title-game-lifecycle.md,Body in src/GameManagerState.cpp preserves id-slot resolve inline +0x10 node chain walk matching signed +0x38a kind and out-handle/zero write
0x004495e0,ClearEntityFlag2ByHandleSlot,MainChainContext,implemented,,,docs/evidence/title-game-lifecycle.md,Body in src/GameManagerState.cpp preserves id-slot resolve +0x35c flag-word bit-2 clear and +0x14 child propagation when +0x18 count is zero
0x0044bea0,ShiftManagerSelector,MainChainContext,implemented,,,docs/evidence/title-game-lifecycle.md,Body in src/GameManagerState.cpp preserves delta step wrap at +0x08 maximum clamp/loop styles and disabled-slot skipping via +0x90 list and +0xd4 count
0x00430a60,RunManagerStateBody8,MainChainContext,implemented,,,docs/evidence/title-game-lifecycle.md,Body in src/GameManagerStateBodies.cpp preserves state-8 difficulty menu sub-states extra locked-row trimming via DAT_00477c3c unlock bytes and 0x329d-stride record flags 0x4d0/0x484c/0x8bc8 row-spawn child scans and case3/4 exit thresholds
0x004306a0,RunManagerStateBody7,MainChainContext,implemented,,,docs/evidence/title-game-lifecycle.md,Body in src/GameManagerStateBodies.cpp preserves state-7 shot-select menu slots 0x63/0x7d extra six-unlock-byte trimming 0x40/0x80 cursor input four child toggles kinds cur+121/123 122-cur/124-cur and stage-change BGM handle adjustment
0x0042c6d0,ReleaseManagerSlotEntity,MainChainContext,implemented,,,docs/evidence/title-game-lifecycle.md,Body in src/GameManagerState.cpp preserves slot id resolve +0x304 stop word 1 child propagation and slot clear
0x0042c750,Call42C750,MainChainContext,implemented,,,docs/evidence/title-game-lifecycle.md,Body in src/GameManagerState.cpp forwards the slot entity id to the 0x449250 run helper with stop word 3
0x0044be70,Call44BE70,MainChainContext,implemented,,,docs/evidence/title-game-lifecycle.md,Body in src/GameManagerState.cpp preserves step-count decrement clamp value/max reload from +0x0c/+0x4c per-step arrays and +0xd4 disabled-count clear
0x0040ace0,PollMenuInputState,MainChainContext,implemented,,,docs/evidence/title-game-lifecycle.md,Body in src/GameManagerState.cpp returns true when the mask matches either u16 word at the 0x474e30 bank +0x04/+0x06
0x0044be20,RunManagerCursorHandle,MainChainContext,implemented,,,docs/evidence/title-game-lifecycle.md,Body in src/GameManagerState.cpp preserves push-step value/max array write at +0x0c/+0x4c count advance capped at 15 and disabled-count clear
0x0040ad20,Call40AD20,MainChainContext,implemented,,,docs/evidence/title-game-lifecycle.md,Body in src/GameManagerState.cpp preserves cursor value set with zero-maximum passthrough and clamp to maximum-1
0x0043dc90,ReserveContextChannel,MainChainContext,implemented,,,docs/evidence/title-game-lifecycle.md,Body in src/GameManagerState.cpp preserves twelve-channel boundary-queue reserve/reuse over +0x620 keys +0x650 counts +0x680 entry blocks and +0x408 per-kind table-word write
0x00430ff0,RunManagerStateBody9,MainChainContext,implemented,,,docs/evidence/title-game-lifecycle.md,Body in src/GameManagerStateBodies.cpp preserves state-9 six-row stage select clamped from DAT_00491c08 spawns scripts 0x6a and DAT_00474c68+0x6b per-record clear-flag confirm gate and the nine-byte save-bank clear ladder into DAT_00474cac
0x0042cd50,CreateGameManager,MainChainContext,implemented,,,docs/evidence/title-game-lifecycle.md,Body in src/TitleGameManagerLifecycle.cpp preserves operator-new 0x5acc constructor 0x42c920 ThreadControl stop seeding and CRT worker start of GameManagerWorkerThread
0x00435220,GameDuplicateString,PackedArchive,implemented,,,docs/evidence/owner-list-registration-audit.md,Semantic C++ preserves strlen+malloc(CRT 0x452706)+strcpy with null-on-failure; native EDI=source plain-return ABI remains a thunk boundary
0x00436ca0,TintGeneratedSurfacePixels,GeneratedSurfaceText,implemented,,,docs/evidence/timeline-record-interpreter.md,Semantic C++ preserves selected-path nibble tint loop over image_bytes; native fastcall ABI remains a thunk boundary
0x00436da0,SmoothGeneratedSurfacePixels,GeneratedSurfaceText,implemented,,,docs/evidence/timeline-record-interpreter.md,Semantic C++ preserves neighbour-average smoothing for formats 0x15 and 0x1a; native cdecl ABI remains a thunk boundary
0x00437160,PostProcessGeneratedSurfaceRows,GeneratedSurfaceText,implemented,,,docs/evidence/timeline-record-interpreter.md,Semantic C++ preserves format 0x15/0x19/0x1a scanline transforms over pitch times row_height; native thiscall ABI remains a thunk boundary
0x00437db0,RenderTimelineTextNormal,GeneratedSurfaceText,implemented,,,docs/evidence/timeline-record-interpreter.md,Semantic C++ preserves memset shadow+fill TextOut scanline post-process smooth and D3DX upload tail; imported GDI/D3DX remain link boundaries
0x00437fe0,RenderTimelineTextSelected,GeneratedSurfaceText,implemented,,,docs/evidence/timeline-record-interpreter.md,Semantic C++ preserves tint single TextOut post-process smooth and D3DX upload tail; imported GDI/D3DX remain link boundaries
0x00438880,DestroyCallbackSchedulerInPlace,CallbackScheduler,implemented,,,docs/evidence/main-application-platform-cleanup.md,Semantic C++ preserves secondary-control stop locked calculation/draw chain drains sentinel callback clear order and caller-owned outer free
0x00438a30,ReleaseResetSensitiveRenderSlots,LargeRenderOwner,implemented,,,docs/evidence/main-application-platform-cleanup.md,Semantic C++ preserves EAX owner input and ordered 32-slot COM release/clear at offset 0x3ad4e0 before D3D reset
0x00438a60,FlushRenderOwnerPendingRenderBatches,MainChainRenderAdapters,implemented,,,docs/evidence/main-application-platform-cleanup.md,Semantic C++ preserves ordered signed sentinel checks distinct batch-submit boundaries and unconditional sentinel clears after each native call
0x00438ad0,RunMainApplication,MainApplicationRuntime,implemented,,,docs/evidence/main-application-platform-cleanup.md,Semantic C++ preserves startup resource ordering retry loop frame loop shutdown/queue drain platform cleanup and final-exit selection; native four-stack-argument ret-16 ABI remains a thunk boundary
0x004390e0,MainChainWindowProcedure,MainChainWindow,implemented,,,docs/evidence/main-application-platform-cleanup.md,Semantic C++ preserves close/end-session runtime flag activation input gates cursor policy mouse foreground and MIDI window-notification dispatch
0x004391f0,PresentAndRecoverMainChainDevice,MainApplicationFrame,implemented,,,docs/evidence/main-application-platform-cleanup.md,Semantic C++ preserves four-null Present negative-result recovery ignored Reset result unconditional state restore recovery state two deferred batch submission and option-gated snapshot path selection; native plain-ret ABI remains a thunk boundary
0x004392e0,InitializeMainChainSystemSettings,MainChainSystemSettings,implemented,,,docs/evidence/main-application-platform-cleanup.md,Semantic C++ preserves saved system settings ordered disable broadcasts and unconditional QPC frequency/base initialization
0x00439390,RunMainChainFrame,MainApplicationFrame,implemented,,,docs/evidence/main-application-platform-cleanup.md,Semantic C++ preserves time gate schedule advance viewport calculation/BGM result handling conditional scene draw present end-scene and overrun timing; native stack-argument ret-4 ABI remains a thunk boundary
0x00439540,GetMainChainFrameTime,MainChainFrameTime,implemented,,,docs/evidence/main-application-platform-cleanup.md,Semantic C++ preserves locked QPC elapsed path timeGetTime fallback epoch-minimum behavior and post-unlock activity decrement
0x00439730,CreateMainChainWindow,MainChainWindow,implemented,,,docs/evidence/main-application-platform-cleanup.md,Semantic C++ preserves WNDCLASS setup window-mode geometry global publications minimized/restore message sequence and failure result; window procedure remains a callback boundary
0x00439890,CreateMainChainD3D9Device,MainChainD3DDevice,implemented,,,docs/evidence/main-application-platform-cleanup.md,Semantic C++ preserves presentation setup HAL/REF retry state transforms caps format capability test post-create state restore and black clear; native no-argument ABI remains a thunk boundary
0x00439d20,RestoreMainChainD3DRenderStates,MainChainRenderRecovery,implemented,,,docs/evidence/main-application-platform-cleanup.md,Semantic C++ preserves ordered fixed render texture-stage sampler state restoration ignored HRESULTs and owner cache writes after D3D reset
0x00439ff0,InitializeMainChainHostEnvironment,MainChainHostEnvironment,implemented,,,docs/evidence/main-application-platform-cleanup.md,Semantic C++ preserves mutex duplicate-instance result startup-title path/link handling runtime flag and monotonic alternate-launch-path write
0x0043a1c0,CalculateMainChainExecutableChecksum,MainChainExecutableChecksum,implemented,,,docs/evidence/main-application-platform-cleanup.md,Semantic C++ preserves self-module load ceil-dword-minus-one signed accumulation file-size/checksum publication and failure return
0x0043b8d0,InitializeMainChainInput,MainChainInput,implemented,,,docs/evidence/main-chain-input-initialization.md,Semantic C++ preserves DirectInput order and asymmetric cleanup; COM slots and fixed format/property data use narrow adapters
0x0043baf0,CreateFirstMainChainController,MainChainInput,implemented,,,docs/evidence/main-chain-input-initialization.md,Typed stdcall callback preserves global-context use and first-success enumeration behavior
0x0043bb30,ConfigureMainChainControllerObject,MainChainInput,implemented,,,docs/evidence/main-chain-input-initialization.md,Typed stdcall callback preserves 24-byte range property and stop-on-failure behavior
0x0043bcd0,InitializeMainChainViewportAndClearBlack,MainChainD3DDevice,implemented,,,docs/evidence/main-application-platform-cleanup.md,Semantic C++ preserves optional vertex flush fixed viewport two clear/present attempts and negative-present reset behavior; native stack color argument ABI remains a thunk boundary
0x0043bd40,UpdateAsciiOverlayFullFade,AsciiOverlayCallbacks,implemented,,,docs/evidence/ascii-overlay-callbacks.md,Semantic C++ preserves suspend completion full fade alpha lower clamp signed duration/tick check and ungated x87 time advance; native ECX ABI remains a thunk boundary
0x0043bda0,DrawImmediateAsciiColoredRectangle,AsciiHudRenderer,implemented,,,docs/evidence/ascii-hud-renderer.md,Semantic C++ preserves pending glyph flush diffuse rectangle vertex order D3D stage/destination-blend state direct triangle-strip submission partial owner-cache invalidation and non-restored FVF; native EBX EDI ABI remains a thunk boundary
0x0043c1a0,DrawAsciiFullScreenOverlayWithViewport,AsciiOverlayCallbacks,implemented,,,docs/evidence/ascii-overlay-callbacks.md,Semantic C++ preserves glyph flush global 640x480 viewport publication unmasked packed color combination full-screen immediate rectangle and one result; native ECX ABI remains a thunk boundary
0x0043c230,UpdateAsciiOverlayFadeIn,AsciiOverlayCallbacks,implemented,,,docs/evidence/ascii-overlay-callbacks.md,Semantic C++ preserves suspend completion fade-in alpha clamp wrapped duration completion title mask gate and x87 time advance; native ECX ABI remains a thunk boundary
0x0043c2c0,DrawAsciiInsetOverlayA,AsciiOverlayCallbacks,implemented,,,docs/evidence/ascii-overlay-callbacks.md,Semantic C++ preserves unmasked packed color combination fixed inset immediate rectangle and one result; native ECX ABI remains a thunk boundary
0x0043c310,UpdateAsciiOverlayHalfAlpha,AsciiOverlayCallbacks,implemented,,,docs/evidence/ascii-overlay-callbacks.md,Semantic C++ preserves fade-out completion unclamped alpha normal duration alpha and x87 time advance; native ECX ABI remains a thunk boundary
0x0043c3c0,DrawAsciiOverlayKindSix,AsciiOverlayCallbacks,implemented,,,docs/evidence/ascii-overlay-callbacks.md,Semantic C++ preserves unmasked packed color full-screen immediate rectangle and one result without explicit viewport publication; native ECX ABI remains a thunk boundary
0x0043c410,DrawAsciiInsetOverlayB,AsciiOverlayCallbacks,implemented,,,docs/evidence/ascii-overlay-callbacks.md,Semantic C++ preserves separate scheduler entry unmasked packed color combination fixed inset immediate rectangle and one result; native ECX ABI remains a thunk boundary
0x0043c460,UpdateAsciiOverlayKindFive,AsciiOverlayCallbacks,implemented,,,docs/evidence/ascii-overlay-callbacks.md,Semantic C++ preserves suspended zero return byte target fade-out alpha clamp wrapped repeat counter timer reset and advance; native ECX ABI remains a thunk boundary
0x0043c500,DrawAsciiInsetOverlayMaskedRgb,AsciiOverlayCallbacks,implemented,,,docs/evidence/ascii-overlay-callbacks.md,Semantic C++ preserves alpha shift 24-bit RGB mask fixed inset immediate rectangle and one result; native ECX ABI remains a thunk boundary
0x0043c550,UpdateAsciiOverlayKindOne,AsciiOverlayCallbacks,implemented,,,docs/evidence/ascii-overlay-callbacks.md,Semantic C++ preserves pre-completion x87 time advance signed endpoint interpolation shared RNG offset writes and completion behavior; native ECX ABI remains a thunk boundary
0x0043c710,UpdateAsciiOverlayKindEight,AsciiOverlayCallbacks,implemented,,,docs/evidence/ascii-overlay-callbacks.md,Semantic C++ preserves suspend/title gates x87 time advance wrapped phase comparisons signed versus unsigned float conversion and independent random offset writes; native ECX ABI remains a thunk boundary
0x0043c8b0,CreateAsciiOverlayContext,AsciiOverlayFactory,implemented,,,docs/evidence/ascii-overlay-factory.md,Semantic C++ preserves 0x44 zeroed allocation flag bit explicit argument discard and duplicate priority-dependent configuration plus null allocation result; native EBX plus ret-20 ABI remains a thunk boundary
0x0043c970,ConfigureAsciiOverlayContext,AsciiOverlayFactory,implemented,,,docs/evidence/ascii-overlay-factory.md,Semantic C++ preserves kind-to-node callback table timing setup duplicate value write cleanup callback and native invalid-kind null-node failure behavior; native ESI EBX plus ret-20 ABI remains a thunk boundary
0x0043cc40,StopBgmWorkerControls,BgmRuntime,implemented,,,docs/evidence/main-chain-resource-thread.md,Semantic C++ preserves paired-handle guard state update 100ms timeout polling with Sleep close order and sparse clears; native ESI ABI remains a thunk boundary
0x0043ccf0,MainChainSoundWorker,MainChainSoundWorker,implemented,,,docs/evidence/main-chain-sound-worker.md,Semantic C++ separates the Win32 thread adapter from the ECX/root sound initializer and preserves gate completion behavior
0x0043cd30,InitializeMainChainSoundRoot,MainChainSoundWorker,implemented,,,docs/evidence/main-chain-sound-worker.md,Semantic C++ preserves sparse sentinel initialization DirectSound holder failure cleanup temporary format setup silent primary buffer timer and WAV-consumer handoff; native ECX plus stack ABI remains a thunk boundary
0x0043d080,MainChainResourcePreload,MainChainResourceThread,implemented,,,docs/evidence/main-chain-resource-thread-implementation.md,Semantic C++ producer preserves the 37-slot gate and ownership protocol; the plain-ret native entry remains behind a stdcall thread adapter boundary
0x0043d120,DestroyTransitionRootSoundResources,MainChainResourceThread,implemented,,,docs/evidence/main-chain-resource-thread.md,Semantic C++ preserves BGM descriptor 128 dual-buffer raw-image stream/device/control holder and track-allocation release order; native EAX/plain-ret ABI remains a thunk boundary
0x0043d2a0,FindBgmTrackRecordIndex,BgmRuntime,implemented,,,docs/evidence/transition-sound-operations.md,Semantic C++ preserves path basename extraction 128-byte local copy and unchecked sequential 0x34-byte BGM descriptor-name scan; native ECX stack ABI remains a thunk boundary
0x0043d690,LoadBgmDataFile,BgmRuntime,implemented,,,docs/evidence/global-lifecycle-implementation.md,Semantic C++ preserves path copy gate checks prior stream destruction event/thread creation factory argument ordering and factory-only failure result; native EAX/stack ABI remains a thunk boundary
0x0043d790,RebindBgmTrackFromPath,BgmRuntime,implemented,,,docs/evidence/transition-sound-operations.md,Semantic C++ preserves existing-adapter guard path-to-descriptor lookup source rebind with ignored result and zero result on a non-null adapter; native EAX stack ABI remains a thunk boundary
0x0043d7d0,LoadBgmTrackImage,BgmRuntime,implemented,,,docs/evidence/transition-sound-operations.md,Semantic C++ preserves cached path short circuit preload-gate allocation release packed-file image read descriptor and ownership array publication and sparse failure behavior; native ESI EAX stack ABI remains a thunk boundary
0x0043d950,LoadBgmTrack,BgmRuntime,implemented,,,docs/evidence/transition-sound-operations.md,Semantic C++ preserves sound/runtime/device gates normal source descriptor rebind versus preloaded memory factory thread creation and active-track commit only on success; native ESI EAX stack ABI remains a thunk boundary
0x0043dab0,DestroyPreviousBgmStream,BgmRuntime,implemented,,,docs/evidence/transition-sound-operations.md,Semantic C++ preserves adapter guard stop/rewind worker quit/wait loop handle/event close ordering and scalar deleting destruction without extra cleanup
0x0043db60,InitializeBgmRelatedState,BgmRuntime,implemented,,,docs/evidence/global-lifecycle-implementation.md,Semantic C++ preserves state-slot reset worker stop gate and device checks 47 DirectSound buffer publications and x87-truncated BGM volume curve; native EBX ABI remains a thunk boundary
0x0043dc90,EnqueueBgmSoundValue,BgmRuntime,implemented,,,docs/evidence/transition-sound-operations.md,Semantic C++ preserves twelve-channel same-sound or first-free selection signed default-frequency publication bounded 128-value append and unchanged preexisting sequence count; native ECX EDI stack ABI remains a thunk boundary
0x0043dd10,EnqueueBgmSoundValueFromFloat,BgmRuntime,implemented,,,docs/evidence/transition-sound-operations.md,Semantic C++ preserves x87 toward-zero conversion of value times 5.2083335 followed by the same bounded BGM sound-value queue behavior; native ESI EBX stack ABI remains a thunk boundary
0x0043ddf0,AdvanceBgmRuntime,BgmRuntime,implemented,,,docs/evidence/transition-sound-operations.md,Semantic C++ preserves 32-entry BGM command queue stages including worker and adapter lifecycle plus optional 12-channel BGM sound-sequence dispatch and head opcode return; native stack ABI remains a thunk boundary
0x0043e3a0,BgmWorkerThread,BgmRuntime,implemented,,,docs/evidence/transition-sound-operations.md,Semantic C++ preserves global notification/adapter worker loop message quit handling refill gate and global adapter reread before marker clear
0x0043e460,QueueBgmCommand,BgmRuntime,implemented,,,docs/evidence/transition-sound-operations.md,Semantic C++ preserves first-empty search across only 31 command entries opcode and track-slot publication unbounded path copy stage reset and silent full-queue drop; native EAX EDX plus stack ABI remains a thunk boundary
0x0043e5a0,InitializeAsciiAnimationVmEntry,AsciiAnimationVm,implemented,,,docs/evidence/ascii-manager.md,Semantic C++ preserves resource-state guard unchecked 0x44 entry lookup metadata publication parameter-block initialization clone and normalized extents; native EAX EDX ECX ABI remains a thunk boundary
0x0043e710,AssignAnmScriptToVmEcxEaxBbxAbi,PlayerShotData,implemented,,,docs/evidence/player-shot-data.md,Semantic C++ preserves script lookup stop-flag wipe timer-block sentinel overwrite pointer publication and live-VM counter; native ECX EAX EBX ABI remains a thunk boundary
0x0043e7e0,BindEffectScriptContextEaxEcxDxAbi,PlayerFrameworkHelpers,implemented,,,docs/evidence/player-framework-helpers.md,Semantic C++ preserves context script lookup stop flag sentinel timer idiom wipe-on-failure and live counter; native EAX ECX EDX ABI remains a thunk boundary
0x0043ee30,FinalizeTimelineRenderObjectSetup,TimelineRenderObjectSetup,implemented,,,docs/evidence/timeline-record-interpreter.md,Semantic C++ preserves render-object setup bytecode VM opcodes 0x0001-0x005c and 0xffff epilogue scale/anim/polyline/timer tail with no null guards; native stack ABI remains a thunk boundary Dispatch table 0x4413a4 mapping verified consistent (docs/evidence/dispatch-setup-opcode-mapping.md).
0x00442220,SetupRgbInterpolation,VmLeafHelpers,implemented,,,docs/evidence/vm-leaf-helpers.md,Semantic C++ preserves the RGB block layout for bases 0xbc and 0x1bc; native EAX ECX EDX stack ABI remains a thunk boundary
0x00442300,SetupAlphaInterpolation,VmLeafHelpers,implemented,,,docs/evidence/vm-leaf-helpers.md,Semantic C++ preserves the scalar block layout for bases 0x108 and 0x208; native register stack ABI remains a thunk boundary
0x00442670,SubmitAsciiGlyphScratchQuad,AsciiGlyphSubmission,implemented,,,docs/evidence/ascii-glyph-submission.md,Semantic C++ preserves staging offset/pixel snapping UV fill viewport rejection texture/color/state handling and triangle append; native EAX ECX stack ABI remains a thunk boundary
0x00442f50,FlushRenderOwnerPendingVertices,MainChainRenderAdapters,implemented,,,docs/evidence/main-chain-render-dependencies.md,Semantic C++ preserves pending-count guard, D3D9 state/draw order, and post-draw pointer/count/counter updates
0x00442fe0,AppendAsciiGlyphScratchQuadAsTriangles,AsciiGlyphSubmission,implemented,,,docs/evidence/ascii-glyph-submission.md,Semantic C++ preserves unchecked raw 0 1 2 1 2 3 quad expansion pointer advance and pending-count increment; native EAX EDX ABI remains a thunk boundary
0x00443080,DrawAsciiAnimationVmUnscaled,AsciiGlyphRenderer,implemented,,,docs/evidence/ascii-manager.md,Semantic C++ preserves anchor-selected floor-centered unscaled quad coordinates depth writes and pixel-snap submission; native ESI plus stack owner ABI remains a thunk boundary
0x00443290,DrawAsciiAnimationVmScaled,AsciiGlyphRenderer,implemented,,,docs/evidence/ascii-manager.md,Semantic C++ preserves anchor-selected scaled quad coordinates depth writes and non-snapped submission; native EAX plus stack owner ABI remains a thunk boundary
0x004436c0,DrawAsciiAnimationVmRotatedMode1,AsciiGlyphRenderer,implemented,,,docs/evidence/ascii-projected-renderer.md,Semantic C++ preserves NaN-or-zero fallback full-height rotated anchored quad and normal glyph submission; native EDX ECX ABI remains a thunk boundary
0x00443910,DrawAsciiAnimationVmRotatedMode3,AsciiGlyphRenderer,implemented,,,docs/evidence/ascii-projected-renderer.md,Semantic C++ preserves zero-only fallback full-height rotated anchored quad and normal glyph submission; native EDX ECX ABI remains a thunk boundary
0x00443b60,BuildPerspectiveAsciiGlyphQuad,AsciiProjectedRenderer,implemented,,,docs/evidence/ascii-projected-renderer.md,Semantic C++ preserves translation projection depth rejection perspective-scaled rotated anchors and staging XYZ writes; native EAX ABI remains a thunk boundary
0x00443f80,DrawAsciiAnimationVmProjectedMode4,AsciiGlyphRenderer,implemented,,,docs/evidence/ascii-projected-renderer.md,Semantic C++ preserves projection-rejection propagation then normal glyph submission; native ESI plus stack owner ABI remains a thunk boundary
0x00443fb0,DrawAsciiAnimationVmPerspectiveFadedMode6,AsciiProjectedRenderer,implemented,,,docs/evidence/ascii-projected-renderer.md,Semantic C++ preserves perspective rejection optional channel modulation distance fog cutoff and per-vertex-color submission; native EDI ESI ABI remains a thunk boundary
0x00444240,BuildAndProjectMode7AsciiGlyphQuad,AsciiProjectedRenderer,implemented,,,docs/evidence/ascii-projected-renderer.md,Semantic C++ preserves conditional VM matrix rebuild rotations translated local quad projection and owner world-matrix publication; native EAX plus stack owner ABI remains a thunk boundary
0x00444580,DrawAsciiAnimationVmProjectedMode5,AsciiProjectedRenderer,implemented,,,docs/evidence/ascii-projected-renderer.md,Semantic C++ preserves unconditional projected quad setup normal submission and final scratch RHW restoration; native ESI EDI ABI remains a thunk boundary
0x004445c0,DrawAsciiAnimationVmProjectedFoggedMode7,AsciiProjectedRenderer,implemented,,,docs/evidence/ascii-projected-renderer.md,Semantic C++ preserves per-vertex transform fog fixed-color threshold flag-2 submission and RHW restoration; native two-stack-argument ABI remains a thunk boundary
0x00444760,DrawAsciiAnimationVmMode8,AsciiMode8Renderer,implemented,,,docs/evidence/ascii-mode8-renderer.md,Semantic C++ preserves repeated visibility gate dirty matrix rebuild owner caches world/texture transforms state changes and direct triangle-strip draw; native EAX plus stack owner ABI remains a thunk boundary
0x00444ce0,DrawAsciiAnimationVmMode9,AsciiMode9Renderer,implemented,,,docs/evidence/ascii-mode9-renderer.md,Semantic C++ preserves repeated gate direct texture/FVF/state setup wrapped primitive count and direct triangle-strip submission; native EAX ECX plus two-stack ABI remains a thunk boundary
0x004451c0,DispatchAsciiAnimationVmRenderMode,AsciiRenderModeDispatcher,implemented,,,docs/evidence/ascii-render-mode-dispatcher.md,Semantic C++ preserves flags/visibility gate modes 0 through 9 dispatch and all fallback/return paths; native EAX ECX ABI remains a thunk boundary
0x004452f0,RebuildRibbonRingBuffer,VmLeafHelpers,implemented,,,docs/evidence/vm-leaf-helpers.md,Semantic C++ preserves buffer free/realloc callback installation 32-vertex seed angle walk clamped radial random jitter and LCG pair; native EDI ABI remains a thunk boundary
0x00445900,ConstructLargeRenderOwner,LargeRenderOwner,implemented,,,docs/evidence/main-application-platform-cleanup.md,Semantic C++ preserves whole-object reset pool-node reset 20 fixed scheduler registrations and final SetVertexShader null; native stack-argument ret-4 ABI remains a thunk boundary
0x00446220,DestroyLargeRenderOwnerInPlace,LargeRenderOwner,implemented,,,docs/evidence/main-application-platform-cleanup.md,Semantic C++ preserves both intrusive-list drains reverse cleanup of 20 tail nodes owned buffer release and reverse cleanup of 4096 pool nodes; native stack-argument ret-4 ABI remains a thunk boundary
0x00446eb0,CreateTextureFromEncodedStageData,ManagerWorkStageAdapters,implemented,,,docs/evidence/manager-work-stage-adapters.md,Semantic C++ preserves format remap, D3DX argument assembly, checked creation failure, post-create step, and pitch-factor write
0x00446f40,CreateTextureAndUploadStagePixels,ManagerWorkStageAdapters,implemented,,,docs/evidence/manager-work-stage-adapters.md,Semantic C++ preserves raw pitch calculation, ignored upload HRESULT, surface release, and checked texture creation failure
0x00447050,CreateEmptyStageTexture,ManagerWorkStageAdapters,implemented,,,docs/evidence/manager-work-stage-adapters.md,Semantic C++ preserves ignored texture-create HRESULT and unconditional pitch-factor write
0x004470c0,BuildManagerWork,ManagerWork,implemented,,,docs/evidence/manager-work-cleanup-state.md,Semantic C++ preserves early slot publication chain/node aggregation allocation ordering direct-file node loads and no rollback on partial failure
0x00447280,RequestManagerWork,ManagerWork,implemented,,,docs/evidence/manager-work-service.md,Semantic C++ preserves unchecked slot lookup cached return build-on-empty active-cursor write and synchronous advance-until-clear behavior
0x004477d0,ReleaseManagerWorkAtSlot,ManagerWork,implemented,,,docs/evidence/manager-work-cleanup-state.md,Semantic C++ preserves indexed slot bounds check ReleaseManagerWorkContents free and slot clear without reading work +0x128; native ESI/EBX ABI remains a thunk boundary
0x00447810,ReleaseManagerWorkContents,ManagerWork,implemented,,,docs/evidence/manager-work-service.md,Semantic C++ preserves chain-head early return linked-entry marking record virtual/allocation release and fixed subordinate buffer release order; native EDI/plain-ret ABI remains a thunk boundary
0x004479d0,SubmitTimelineTextDispatch,GeneratedSurfaceText,implemented,,,docs/evidence/timeline-record-interpreter.md,Semantic C++ preserves font-size gate float rect conversion and selected-path branch into 0x437db0/0x437fe0; native mixed register plus ret-16 ABI remains a thunk boundary
0x00447a50,SubmitTimelineText,TimelineTextSubmission,implemented,,,docs/evidence/timeline-record-interpreter.md,Semantic C++ preserves local text copy font-size gate selected flag read surface resolve dispatch and dirty-flag OR; imported GDI/D3DX calls remain link boundaries
0x00447f70,ReleaseLargeRenderOwnerCachedSurfacePair,MainChainRenderAdapters,implemented,,,docs/evidence/main-application-platform-cleanup.md,Semantic C++ preserves primary/shadow COM release heap buffer release sparse clears and redundant final heap-slot clear; native ESI/EDI ABI remains a thunk boundary
0x00447fd0,UpdateLargeRenderOwnerCachedSurfaceRegion,MainChainRenderAdapters,implemented,,,docs/evidence/deferred-render-batches.md,Semantic C++ preserves shadow guard HRESULT-gated lazy primary rebuild unusual descriptor-width/height RECT right/bottom fields UpdateSurface and back-buffer release; native EAX/EBX plus ret-16 ABI remains a thunk boundary
0x00448120,UpdateLargeRenderOwnerCachedSurfaceRectangle,MainChainRenderAdapters,implemented,,,docs/evidence/deferred-render-batches.md,Semantic C++ preserves shadow guard lazy primary rebuild standard source RECT UpdateSurface and back-buffer release; native EBX plus ret-28 ABI remains a thunk boundary
0x00448270,SubmitLargeRenderOwnerSecondDeferredBatch,MainChainRenderAdapters,implemented,,,docs/evidence/deferred-render-batches.md,Semantic C++ preserves texture level-zero acquisition x/y/width/height RECT construction point-filter D3DX copy HRESULT gates and temporary surface/back-buffer release; native mixed register plus ret-32 ABI remains a thunk boundary
0x00448450,SubmitLargeRenderOwnerFirstDeferredBatch,MainChainRenderAdapters,implemented,,,docs/evidence/deferred-render-batches.md,Semantic C++ preserves descriptor width/height writes render-target to pool-3 fallback precise RECT D3DX copies back-buffer release and partial-failure state; native mixed register plus ret-36 ABI remains a thunk boundary
0x00448860,UpdateLargeRenderOwnerListA,LargeRenderOwnerFrameLoop,implemented,,,docs/evidence/main-chain-registration-hook-dependencies.md,Semantic C++ preserves kind-bucket reset release-flag destroy setup-fail finalize and kind-chain publish; native EAX ABI remains a thunk boundary
0x00448900,UpdateLargeRenderOwnerListB,LargeRenderOwnerFrameLoop,implemented,,,docs/evidence/main-chain-registration-hook-dependencies.md,Semantic C++ preserves list-B release setup finalize and linear chain_tail append; native EAX ABI remains a thunk boundary
0x00448980,DrawLargeRenderOwnerKindChain,LargeRenderOwnerFrameLoop,implemented,,,docs/evidence/main-chain-registration-hook-dependencies.md,Semantic C++ preserves release-flag skip pre_draw_hook and render-mode dispatch per kind chain; native EAX/EDI ABI remains a thunk boundary
0x004489d0,LinkEntityAndAssignIdEaxEsiAbi,EntityHelpers,implemented,,,docs/evidence/entity-helpers.md,Semantic C++ preserves list-1 splice tail quirk and zero-skipping id counter; native EBX EDX EAX ABI remains a thunk boundary
0x00448a50,LinkEntityFrontAndAssignIdEaxEsiAbi,EntityHelpers,implemented,,,docs/evidence/entity-helpers.md,Semantic C++ preserves list-A prepend (head +0x72dad4) shared id counter wrap-to-1 and the empty-list tail touch; native EBX=entity EDX=manager EAX=&outId ABI remains a thunk boundary
0x00448ac0,AttachEffectVmToListB,StageEffectHelpers,implemented,,,docs/evidence/stage-effect-helpers.md,Semantic C++ preserves list-B link tail-splice quirk and zero-skipping id counter; native EBX EDX EAX ABI remains a thunk boundary
0x00448b40,AttachEffectVmToListBFront,StageEffectHelpers,implemented,,,docs/evidence/stage-effect-helpers.md,Semantic C++ preserves list-B prepend twin of 0x448ac0 (head +0x72dadc) shared id counter wrap-to-1 and the empty-list tail touch; native register ABI remains a thunk boundary
0x00448bb0,InitializeLargeRenderOwner,LargeRenderOwnerFrameLoop,implemented,,,docs/evidence/main-chain-registration-hook-dependencies.md,Semantic C++ preserves mirrored global block D3D render-state SetTransform and viewport create/release tail; native EAX ABI remains a thunk boundary
0x00448d00,SpawnSetupEffectVmListABack,TimelineRenderObjects,implemented,,,docs/evidence/dispatch-setup-opcode-mapping.md,Semantic C++ preserves pool VM alloc kind/flag publish script bind and list-A tail registration; native first stack arg is dead and ret 0xc remains a thunk boundary
0x00448d50,CreateTimelineContinuationRenderObject,TimelineRenderObjects,implemented,,,docs/evidence/timeline-record-interpreter.md,Semantic C++ preserves float param copy kind-6 manager-work bind via 0x3e710 semantics and owner registration; native stack ABI remains a thunk boundary
0x00448db0,SpawnStageEffectEdxEbxAbi,StageEffectHelpers,implemented,,,docs/evidence/stage-effect-helpers.md,Semantic C++ preserves pool allocation position publication script bind with wipe failure and list-A link; native ECX EDI stack ABI remains a thunk boundary
0x00448e30,SpawnSetupEffectVmListAFront,TimelineRenderObjects,implemented,,,docs/evidence/dispatch-setup-opcode-mapping.md,Semantic C++ preserves pool VM alloc kind/flag publish script bind and list-A front registration
0x00448f60,SpawnSetupEffectVmListBBack,TimelineRenderObjects,implemented,,,docs/evidence/dispatch-setup-opcode-mapping.md,Semantic C++ preserves pool VM alloc kind/flag publish script bind and list-B tail registration
0x00449090,SpawnSetupEffectVmListBFront,TimelineRenderObjects,implemented,,,docs/evidence/dispatch-setup-opcode-mapping.md,Semantic C++ preserves pool VM alloc kind/flag publish script bind and list-B front registration
0x004491c0,ResolveTimelineHandle,TimelineRenderObjects,implemented,,,docs/evidence/timeline-record-interpreter.md,Semantic C++ preserves dual owner-list handle lookup and zero-handle null; native fastcall ABI remains a thunk boundary
0x004491c0,FindEntityEdxStackAbi,EntityHelpers,implemented,,,docs/evidence/entity-helpers.md,Semantic C++ preserves two-list walk with id-zero rejection; native EDX stack ABI remains a thunk boundary
0x00449210,StopEntityById,EntityHelpers,implemented,,,docs/evidence/entity-helpers.md,Semantic C++ preserves hard stop state word and child propagation; plain ABI boundary
0x004492a0,ReleaseTimelineHandle,TimelineRenderObjects,implemented,,,docs/evidence/timeline-record-interpreter.md,Semantic C++ preserves release flag OR and conditional child propagation; native fastcall ABI remains a thunk boundary
0x004492a0,ReleaseEntityById,EntityHelpers,implemented,,,docs/evidence/entity-helpers.md,Semantic C++ preserves soft flag and child propagation; plain ABI boundary
0x004492f0,SetEntityPositionDirectEsiAbi,EntityHelpers,implemented,,,docs/evidence/entity-helpers.md,Semantic C++ preserves verbatim position publication and child propagation; native ESI ABI remains a thunk boundary
0x00449350,SetEntityPositionOffsetEsiAbi,EntityHelpers,implemented,,,docs/evidence/entity-helpers.md,Semantic C++ preserves 224/16 offset publication and child propagation; native ESI ABI remains a thunk boundary
0x00449450,RefreshTimelineTextHandle,TimelineRenderObjects,implemented,,,docs/evidence/timeline-record-interpreter.md,Semantic C++ preserves handle resolve and slot clear on lookup failure; native ESI ABI remains a thunk boundary
0x00449470,SetEntityStateWordEaxEsiAbi,EntityHelpers,implemented,,,docs/evidence/entity-helpers.md,Semantic C++ preserves state-word write with silent stale-id no-op; native EAX ESI ABI remains a thunk boundary
0x00449630,SetTimelineObjectPhase,TimelineRenderObjects,implemented,,,docs/evidence/timeline-record-interpreter.md,Semantic C++ preserves slot release and zero; native ESI ABI remains a thunk boundary
0x00449870,ApplyTimelineRenderObjectPresetClone,TimelineRenderObjects,implemented,,,docs/evidence/timeline-record-interpreter.md,Semantic C++ preserves vector zero flag OR clone-field write font-size seed and manager-work bind tail used by inner timeline init; native stack ABI remains a thunk boundary
0x00449870,AssignPoolVmScriptEcxEaxAbi,EntityHelpers,implemented,,,docs/evidence/entity-helpers.md,Semantic C++ preserves scratch zero list flag script-id and animation fields; native stack ABI remains a thunk boundary
0x00449950,CreateTimelinePresetTextSlotNode,TimelineRenderObjects,implemented,,,docs/evidence/timeline-record-interpreter.md,Semantic C++ preserves pool alloc kind-0xf publish preset clone and handle return used by five text slots; native stack ABI remains a thunk boundary
0x00449950,AllocatePoolVmEsiAbi,EntityHelpers,implemented,,,docs/evidence/entity-helpers.md,Semantic C++ preserves cursor advance used-flag ownership heap fallback without flag and null-reset quirk; native ESI ABI remains a thunk boundary
0x00449aa0,ConstructCallbackScheduler,CallbackScheduler,implemented,,,docs/evidence/main-application-platform-cleanup.md,Semantic C++ preserves sparse two-sentinel initialization bit-0 clears self owner links and intentionally untouched argument fields; native EAX ABI remains a thunk boundary
0x0044a0c0,ProbeMainChainJoystickAvailability,MainChainStartupInputState,implemented,,,docs/evidence/main-application-platform-cleanup.md,Semantic C++ preserves uninitialized JOYINFOEX tail dual probe inverted diagnostic branch caps publication and ignored API results
0x0044b080,ReleaseMainChainKeyboardPressedState,MainChainStartupInputState,implemented,,,docs/evidence/main-application-platform-cleanup.md,Semantic C++ preserves GetKeyboardState high-bit-only clear and SetKeyboardState with ignored results
0x0044b4d0,DoesMainChainFileExist,MainChainFileProbe,implemented,,,docs/evidence/main-application-platform-cleanup.md,Semantic C++ preserves resource-loader lock activity byte CreateFileA readable-open probe close order and boolean result
0x0044bc70,WrapAngleToPi,PlayerMotionHelpers,implemented,,,docs/evidence/player-shot-spawner-helpers.md,Semantic C++ preserves the 32-iteration budget and unnormalized fallthrough; native stack ST0 ABI remains a thunk boundary
0x0044bf40,ShiftTimerByEsiStackAbi,PlayerTimerHelpers,implemented,,,docs/evidence/player-shot-spawner-helpers.md,Semantic C++ preserves stale snapshot rate-scaled shift and re-derived count; native ESI stack ABI remains a thunk boundary
0x0044c150,StopThreadControl,ThreadControl,implemented,,,docs/evidence/main-chain-registration-hook.md,Semantic C++ preserves handle guard, repeated timeout termination, close, and sparse field clearing; native ESI ABI remains a thunk boundary
0x0044c1c0,RegisterTimelineContinuation,TimelineContinuation,implemented,,,docs/evidence/timeline-record-interpreter.md,Semantic C++ preserves prior thread stop entry publication and beginthreadex startup; native stack ABI remains a thunk boundary
0x0044c2a0,IntegrateSubEffectPositionEsiAbi,PlayerMotionHelpers,implemented,,,docs/evidence/player-shot-spawner-helpers.md,Semantic C++ preserves polar versus componentwise integration and floor-100 quantization of x and y only; native ESI ABI remains a thunk boundary
0x0044c5d0,PolarToCartesianEdiAbi,PlayerMotionHelpers,implemented,,,docs/evidence/player-shot-spawner-helpers.md,Semantic C++ preserves cos/sin radius products; native ECX stack ABI remains a thunk boundary
0x0044c8f0,CreateBgmStreamAdapter,BgmRuntime,implemented,,,docs/evidence/transition-sound-operations.md,Semantic C++ preserves source and DirectSound construction notification positions transferred ownership stored recreation descriptor and intentionally incomplete post-source failure cleanup; native ECX EDX plus ten-stack-argument ABI remains a thunk boundary
0x0044cbf0,CreateMemoryBgmStreamAdapter,BgmRuntime,implemented,,,docs/evidence/transition-sound-operations.md,Semantic C++ preserves memory source field publication DirectSound and notification setup configuration retention and intentionally incomplete factory failure cleanup; native ECX EDX plus eleven-stack-argument ABI remains a thunk boundary
0x0044cf20,RecreateBgmStreamBuffers,BgmRuntime,implemented,,,docs/evidence/transition-sound-operations.md,Semantic C++ preserves playback clear old-slot release replacement allocation DSBUFFERDESC recreation fixed sixteen notification positions and intentionally partial failure cleanup; native ESI ABI remains a thunk boundary
0x0044d080,DestroyTransitionSoundAdapterInPlace,TransitionSoundAdapter,implemented,,,docs/evidence/transition-sound-lifecycle.md,Semantic C++ teardown preserves transferred COM references, slot-array release, auxiliary close/free, and intentional non-idempotence
0x0044d110,InitializeTransitionSoundBuffer,TransitionSoundAdapter,implemented,,,docs/evidence/transition-sound-operations.md,Semantic C++ preserves lost-buffer recovery, locked-buffer failure ownership, refill/silence behavior, and ignored Unlock result through narrow stream/COM adapters
0x0044d370,SelectTransitionSoundSlot,TransitionSoundAdapter,implemented,,,docs/evidence/transition-sound-operations.md,Semantic C++ preserves slot-array guard first empty or non-playing DirectSound status selection and random modulo slot-count fallback; native EDI ABI remains a thunk boundary
0x0044d440,StartTransitionSoundAdapter,TransitionSoundAdapter,implemented,,,docs/evidence/transition-sound-operations.md,Semantic C++ preserves selection/recovery/state-commit/play order; slot selection and COM calls remain narrow adapters
0x0044d4e0,SetTransitionBufferVolume,TransitionSoundAdapter,implemented,,,docs/evidence/transition-sound-adapter.md,Semantic C++ preserves zero-scale mute and x87 truncate-before-minus-5000 volume curve; native EAX/stack ABI remains a thunk boundary
0x0044d550,StopAndRewindTransitionSoundAdapter,TransitionSoundAdapter,implemented,,,docs/evidence/transition-sound-operations.md,Semantic C++ preserves all-slot attempt order and bitwise HRESULT aggregation
0x0044d5b0,StopBgmStreamAdapter,BgmRuntime,implemented,,,docs/evidence/transition-sound-operations.md,Semantic C++ preserves slot-array null gate playback clear and DirectSound Stop on first slot; native stack EAX ABI remains a thunk boundary
0x0044d5d0,StartBgmStreamAdapter,BgmRuntime,implemented,,,docs/evidence/transition-sound-operations.md,Semantic C++ preserves slot-array null gate playback set and DirectSound Play with saved priority and flags; native EAX ABI remains a thunk boundary
0x0044d600,RewindTransitionSoundAdapter,TransitionSoundAdapter,implemented,,,docs/evidence/transition-sound-operations.md,Semantic C++ preserves all-slot rewind and bitwise HRESULT aggregation
0x0044d6a0,ConstructSingleTransitionSoundAdapter,TransitionSoundAdapter,implemented,,,docs/evidence/transition-sound-lifecycle.md,Semantic C++ preserves one-slot transferred-reference construction and sparse field initialization; native ESI ABI remains separate
0x0044d850,RefillBgmStreamNotification,BgmRuntime,implemented,,,docs/evidence/transition-sound-operations.md,Semantic C++ preserves cursor safety gate restore path lock/copy failure ownership loop refill silence completion cursor accounting and stop condition
0x0044dad0,RewindBgmStreamAdapter,BgmRuntime,implemented,,,docs/evidence/transition-sound-operations.md,Semantic C++ preserves BGM-specific slot and source gate playback counter clear lost-buffer reinitialization non-loop source rewind and cursor reset; native EDI ABI remains a thunk boundary
0x0044dbf0,InitializeBgmStreamSource,BgmRuntime,implemented,,,docs/evidence/transition-sound-operations.md,Semantic C++ preserves native source field initialization file open sentinel file-offset seek byte counts and invalid-path or open failure behavior; native ESI EAX ECX EDX ABI remains a thunk boundary
0x0044dca0,RebindBgmStreamSourceDescriptor,BgmRuntime,implemented,,,docs/evidence/transition-sound-operations.md,Semantic C++ preserves file-backend and invalid-handle guard borrowed descriptor replacement ignored seek result byte-count publication and E_FAIL path; native ESI EAX ABI remains a thunk boundary
0x0044dd40,RewindBgmStreamSource,BgmRuntime,implemented,,,docs/evidence/transition-sound-operations.md,Semantic C++ preserves file and memory source rewind loop-offset branches and intentionally ignored SetFilePointer result; native ESI AL ABI remains a thunk boundary
0x0044de10,CopyBgmStreamSourceData,BgmRuntime,implemented,,,docs/evidence/transition-sound-operations.md,Semantic C++ preserves file-source clamp and pre-ReadFile decrement memory-source bounded copy and native argument validation; native EAX EDX plus stack ABI remains a thunk boundary
0x00452abc,CreateMainChainDirectory,MainChainFileProbe,implemented,,,docs/evidence/main-application-platform-cleanup.md,Semantic C++ preserves CreateDirectoryA result LastError mapping and cdecl path boundary
0x0044b360,LoadMainChainFile,MainChainFileProbe,implemented,,,docs/evidence/packed-archive-resource-loader.md,Semantic C++ defines the previously missing shared native loader entry forwarding into LoadPackedResource with both archive and direct-file branches reachable; native EAX plus stack ABI remains a thunk boundary
0x0044b540,WriteMainChainFile,MainChainFileProbe,implemented,,,docs/evidence/main-application-platform-cleanup.md,Semantic C++ preserves resource-loader lock activity byte CreateFileA write-open FormatMessageA-LocalFree discard CloseHandle ordering and -1/-2/0 result codes
0x0044b0d0,TransformPackedBytesInPlace,PackedArchive,implemented,,,docs/evidence/packed-archive-resource-loader.md,Semantic C++ ports the XOR stream transform with eight 12-byte DAT_00474bd8 key records selected by the name byte-sum low bits walking each block backwards
0x00435dc0,DecompressPackedBytes,PackedArchive,implemented,,,docs/evidence/packed-archive-resource-loader.md,Semantic C++ ports the LZSS-style decoder with MSB-first flags 13-bit absolute history offsets 4-bit match length and the DAT_0048f868 ring starting at cursor one
0x0042cdb0,DestroyGameManager,MainChainContext,implemented,,,docs/evidence/title-game-lifecycle.md,Body in src/TitleGameManagerLifecycle.cpp preserves null check in-place teardown 0x42cb60 and outer delete without clearing the global
0x0042cb60,TeardownGameManagerInPlace,MainChainContext,implemented,,,docs/evidence/title-game-lifecycle.md,Body in src/TitleGameManagerLifecycle.cpp preserves destructor vtable StopThreadControl callback removal lock large-owner slot release 0x32 subordinate destroy entity stop cancel owned buffer free global clear and marker restore
0x00420ea0,StartMainChainCallbackThread,MainChainContext,implemented,,,docs/evidence/title-game-lifecycle.md,Body in src/TitleGameManagerLifecycle.cpp preserves context lock depth byte embedded thread-control stop entry and flag seeding and CRT thread start
0x00435460,CloseArchiveReaderFile,PackedArchive,implemented,,,docs/evidence/packed-archive-resource-loader.md,Reader vtable +0x04 close leaf implemented in PackedArchive.cpp as handle close and closed-state reset
0x004354d0,WriteArchiveReader,PackedArchive,implemented,,,docs/evidence/packed-archive-resource-loader.md,Reader vtable +0x0c write leaf implemented in PackedArchive.cpp with GENERIC_WRITE guard and full-write boolean
0x00435510,TellArchiveReaderPosition,PackedArchive,implemented,,,docs/evidence/packed-archive-resource-loader.md,Reader vtable +0x10 tell leaf implemented in PackedArchive.cpp via SetFilePointer current
0x00435530,GetArchiveReaderFileSize,PackedArchive,implemented,,,docs/evidence/packed-archive-resource-loader.md,Reader vtable +0x14 file-size leaf implemented in PackedArchive.cpp via GetFileSize
0x00435580,ReadWholeArchiveReaderFile,PackedArchive,implemented,,,docs/evidence/packed-archive-resource-loader.md,Implemented inside the reader module in src/PackedArchive.cpp restores reader vtable +0x20 whole-file read with GENERIC_READ guard size cap malloc read and position restore
0x00434f70,DecodeArchiveIndex,PackedArchive,implemented,,,docs/evidence/packed-archive-resource-loader.md,Implemented in src/PackedArchive.cpp opens reader reads and transforms the 16-byte header key 0x37/0x10 validates THA1 derives count index-size decoded-size from shifted header words seeks to trailing blob transforms 0x9b/0x80 and LZSS-decompresses the index records
0x004315c0,RunManagerStateBodyC,MainChainContext,implemented,,,docs/evidence/title-game-lifecycle.md,Semantic C++ preserves replay cursor setup numbered replay parsing confirm/cancel channel sequencing selected replay publication and fifty-slot cleanup
0x00432cb0,RunManagerStateBodyF,MainChainContext,implemented,,,docs/evidence/title-game-lifecycle.md,Semantic C++ preserves post-run name grid navigation insertion deletion confirmation cancellation presentation scripts BGM and six-frame transition to state 0x10
0x00433570,RunManagerStateBody10,MainChainContext,implemented,,,docs/evidence/title-game-lifecycle.md,Semantic C++ preserves replay slot selection alphabet-grid naming replay commit reparse BGM restoration and cleanup return to state 2
0x00433ef0,RunManagerStateBodyE,MainChainContext,implemented,,,docs/evidence/title-game-lifecycle.md,Semantic C++ preserves score-record list construction staggered text presentation scrolling selection feedback and resource cleanup
0x0042d920,RunManagerStateBody4,MainChainContext,implemented,,,docs/evidence/title-game-lifecycle.md,Semantic C++ preserves audio option cursor volume clamping presentation-mode cycle default reset command confirmation and delayed exit
