address,kind,name,code_size,align_bytes,table_entries,selector_bytes,tail_bytes,owned_size
0x00403c80,game,sub_403C80,1806,2,15,0,62,1868
0x004067d0,game,sub_4067D0,1413,3,14,0,59,1472
0x00406d90,game,sub_406D90,1454,2,5,128,150,1604
0x00409280,game,sub_409280,2403,1,7,0,29,2432
0x0040a940,game,sub_40A940,647,1,4,0,17,664
0x0040bd80,game,sub_40BD80,1494,2,18,18,92,1586
0x0040cfb0,game,sub_40CFB0,501,3,5,53,76,577
0x00414900,game,sub_414900,3805,3,7,0,31,3836
0x00415e90,game,sub_415E90,4306,2,43,0,174,4480
0x004172e0,game,sub_4172E0,640,0,7,0,28,668
0x0041afd0,game,sub_41AFD0,2253,3,16,0,67,2320
0x0041bb00,game,sub_41BB00,793,3,3,11,26,819
0x0041e700,game,sub_41E700,816,0,4,0,16,832
0x004218d0,game,sub_4218D0,572,0,20,14,94,666
0x004223f0,game,sub_4223F0,179,1,3,14,27,206
0x00422660,game,sub_422660,1035,1,4,10,27,1062
0x00422c80,game,sub_422C80,1338,2,5,0,22,1360
0x004236f0,game,sub_4236F0,3227,1,8,0,33,3260
0x004250b0,game,sub_4250B0,1591,1,16,0,65,1656
0x00425730,game,sub_425730,3089,3,5,0,23,3112
0x00426f70,game,sub_426F70,2494,2,6,0,26,2520
0x0042cdf0,game,sub_42CDF0,1059,1,17,0,69,1128
0x0042d300,game,sub_42D300,268,0,5,0,20,288
0x0042d420,game,sub_42D420,1195,1,21,0,85,1280
0x0042d920,game,sub_42D920,3168,0,5,0,20,3188
0x0042f540,game,sub_42F540,859,1,5,0,21,880
0x00430320,game,sub_430320,865,3,5,0,23,888
0x004306a0,game,sub_4306A0,936,0,5,0,20,956
0x00430a60,game,sub_430A60,1403,1,5,0,21,1424
0x00430ff0,game,sub_430FF0,1031,1,5,0,21,1052
0x004315c0,game,sub_4315C0,1466,2,6,0,26,1492
0x00431ee0,game,sub_431EE0,1949,3,4,0,19,1968
0x00432cb0,game,sub_432CB0,1382,2,4,0,18,1400
0x00433570,game,sub_433570,1440,0,5,0,20,1460
0x00433ef0,game,sub_433EF0,2778,2,4,0,18,2796
0x0043b110,game,sub_43B110,1323,1,4,330,347,1670
0x0043c970,game,sub_43C970,357,3,9,0,39,396
0x0043ddf0,game,sub_43DDF0,1419,1,8,0,33,1452
0x0043eac0,game,sub_43EAC0,334,2,22,0,90,424
0x0043ec70,game,sub_43EC70,104,0,10,0,40,144
0x0043ed00,game,sub_43ED00,108,0,12,0,48,156
0x0043eda0,game,sub_43EDA0,92,0,10,0,40,132
0x0043ee30,game,sub_43EE30,9587,1,94,0,377,9964
0x004451c0,game,sub_4451C0,173,3,10,0,43,216
0x004465b0,game,sub_4465B0,1417,3,4,27,46,1463
0x00449c00,game,sub_449C00,273,3,8,0,35,308
0x00449d40,game,sub_449D40,241,3,6,0,27,268
0x0044c350,game,sub_44C350,509,3,16,0,67,576
0x0044e1a0,game,sub_44E1A0,6690,2,60,88,330,7020
0x00454ed7,library,sub_454ED7,1946,2,8,0,34,1980
0x0045d746,library,sub_45D746,1039,1,12,79,128,1167
