address,name,size,note
0x401100,sub_401100,3,
0x4014D0,sub_4014D0,26,
0x4014F0,sub_4014F0,26,
0x4015C0,sub_4015C0,109,
0x401700,sub_401700,94,
0x401A50,sub_401A50,570,
0x401C90,sub_401C90,6,
0x401CB0,sub_401CB0,7,
0x401CC0,sub_401CC0,7,
0x401CD0,sub_401CD0,7,
0x401CE0,sub_401CE0,32,
0x401D10,sub_401D10,7,
0x401D20,sub_401D20,60,
0x401D60,sub_401D60,32,
0x401D80,nullsub_4,1,
0x401D90,sub_401D90,15,
0x401DA0,nullsub_5,1,
0x401DB0,nullsub_6,1,
0x401DE0,sub_401DE0,273,
0x401F40,sub_401F40,15,
0x401F50,sub_401F50,8,
0x401F60,sub_401F60,8,
0x401F70,sub_401F70,8,
0x401F80,sub_401F80,8,
0x401F90,sub_401F90,11,
0x401FA0,sub_401FA0,3,
0x401FB0,sub_401FB0,7,
0x401FC0,nullsub_7,1,
0x401FD0,sub_401FD0,31,
0x401FF0,sub_401FF0,34,
0x402050,sub_402050,88,
0x4020B0,sub_4020B0,56,
0x4020F0,sub_4020F0,5,
0x402100,sub_402100,5,
0x402110,sub_402110,5,
0x402120,nullsub_8,1,
0x402130,sub_402130,5,
0x402140,nullsub_9,1,
0x402150,nullsub_10,1,
0x402160,sub_402160,188,
0x402220,sub_402220,8,
0x402230,sub_402230,522,
0x402440,sub_402440,499,
0x402640,sub_402640,151,
0x402720,sub_402720,304,
0x402850,sub_402850,1099,
0x402CA0,sub_402CA0,929,
0x403050,sub_403050,7,
0x403060,sub_403060,7,
0x403070,sub_403070,7,
0x403850,sub_403850,308,
0x403990,sub_403990,154,
0x403A30,sub_403A30,592,
0x403C80,sub_403C80,1806,
0x404410,sub_404410,11,
0x404450,sub_404450,214,
0x404530,sub_404530,119,
0x4045B0,sub_4045B0,92,
0x404990,sub_404990,4,
0x4049A0,sub_4049A0,688,
0x404C50,sub_404C50,7,
0x404C90,sub_404C90,7,
0x404CE0,sub_404CE0,7,
0x404D30,sub_404D30,11,
0x404D40,sub_404D40,92,
0x404DA0,sub_404DA0,101,
0x404E10,sub_404E10,92,
0x404ED0,sub_404ED0,72,
0x404F20,sub_404F20,8,
0x404F30,sub_404F30,202,
0x405000,sub_405000,20,
0x405020,sub_405020,20,
0x405040,sub_405040,94,
0x4050D0,sub_4050D0,50,
0x405110,sub_405110,20,
0x405130,sub_405130,17,
0x405150,sub_405150,4,
0x405160,sub_405160,4,
0x405170,sub_405170,17,
0x405190,sub_405190,17,
0x4051B0,sub_4051B0,7,
0x4052E0,sub_4052E0,21,
0x405300,sub_405300,60,
0x405340,sub_405340,17,
0x405360,sub_405360,4,
0x405370,sub_405370,9,
0x405390,sub_405390,4,
0x4053A0,sub_4053A0,7,
0x4053B0,sub_4053B0,23,
0x4053D0,sub_4053D0,4,
0x4053E0,nullsub_11,1,
0x4053F0,nullsub_12,1,
0x405400,sub_405400,3,
0x4054A0,sub_4054A0,6,
0x4054B0,sub_4054B0,79,
0x405560,sub_405560,10,
0x405580,sub_405580,7,
0x405590,sub_405590,5,
0x4055C0,sub_4055C0,84,
0x405620,sub_405620,137,
0x4056B0,sub_4056B0,85,
0x405730,sub_405730,18,
0x405750,sub_405750,223,
0x405830,sub_405830,6,
0x405840,sub_405840,10,
0x405850,sub_405850,6,
0x4059F0,sub_4059F0,202,
0x405AC0,sub_405AC0,124,
0x405B60,sub_405B60,42,
0x405B90,sub_405B90,5,
0x405BB0,sub_405BB0,4,
0x405BC0,nullsub_13,1,
0x405BD0,sub_405BD0,5,
0x405BE0,sub_405BE0,158,
0x405CA0,sub_405CA0,7,
0x405CB0,sub_405CB0,8,
0x405D00,sub_405D00,215,
0x405DE0,sub_405DE0,34,
0x405E10,sub_405E10,7,
0x405E20,sub_405E20,163,
0x405ED0,sub_405ED0,45,
0x405F70,sub_405F70,236,
0x406060,sub_406060,182,
0x406140,sub_406140,18,
0x406160,sub_406160,109,
0x4061D0,sub_4061D0,109,
0x406240,sub_406240,885,
0x4065C0,sub_4065C0,249,
0x4066E0,sub_4066E0,134,
0x406770,sub_406770,40,
0x4067A0,sub_4067A0,44,
0x4067D0,sub_4067D0,1413,
0x406D90,sub_406D90,1454,
0x4073E0,sub_4073E0,194,
0x4074B0,sub_4074B0,164,
0x407560,sub_407560,305,
0x4076A0,sub_4076A0,209,
0x407780,sub_407780,338,
0x4078E0,sub_4078E0,335,
0x407A30,sub_407A30,431,
0x407BE0,sub_407BE0,446,
0x407DA0,sub_407DA0,148,
0x407E40,sub_407E40,172,
0x407EF0,sub_407EF0,306,
0x408210,sub_408210,585,
0x4084A0,sub_4084A0,370,
0x408660,sub_408660,80,
0x4086B0,sub_4086B0,91,
0x408750,sub_408750,30,
0x408780,sub_408780,10,
0x408790,sub_408790,14,
0x4087A0,sub_4087A0,17,
0x4087C0,sub_4087C0,9,
0x4087D0,sub_4087D0,8,
0x408800,nullsub_14,1,
0x408810,nullsub_15,1,
0x408820,sub_408820,6,
0x408830,sub_408830,5,
0x408840,sub_408840,8,
0x408850,sub_408850,8,
0x4088B0,sub_4088B0,7,
0x4088C0,sub_4088C0,75,
0x408910,sub_408910,176,
0x4089C0,sub_4089C0,211,
0x408AA0,sub_408AA0,3,
0x408AB0,sub_408AB0,3,
0x408AF0,sub_408AF0,402,
0x408C90,sub_408C90,136,
0x408D60,sub_408D60,1057,
0x4091C0,sub_4091C0,95,
0x409230,sub_409230,50,
0x409270,sub_409270,10,
0x409280,sub_409280,2403,
0x409C00,sub_409C00,399,
0x409D90,sub_409D90,46,
0x409DC0,sub_409DC0,4,
0x409DD0,sub_409DD0,4,
0x409DE0,sub_409DE0,7,
0x409DF0,sub_409DF0,7,
0x409E10,sub_409E10,12,
0x409E20,sub_409E20,28,
0x409E40,nullsub_16,1,
0x409E50,sub_409E50,65,
0x409EA0,nullsub_17,1,
0x409EB0,sub_409EB0,86,
0x409F30,sub_409F30,4,
0x409F40,sub_409F40,10,
0x409F60,sub_409F60,4,
0x409F70,sub_409F70,7,
0x409F80,sub_409F80,4,
0x409F90,sub_409F90,118,
0x40A010,sub_40A010,36,
0x40A040,sub_40A040,234,
0x40A130,sub_40A130,106,
0x40A1A0,sub_40A1A0,412,
0x40A350,sub_40A350,101,
0x40A3C0,sub_40A3C0,67,
0x40A450,sub_40A450,1251,
0x40A940,sub_40A940,647,
0x40ABE0,sub_40ABE0,7,
0x40ABF0,sub_40ABF0,10,
0x40AC00,sub_40AC00,3,
0x40AC10,sub_40AC10,7,
0x40AC20,sub_40AC20,109,
0x40AC90,sub_40AC90,37,
0x40ACE0,sub_40ACE0,33,
0x40AD10,sub_40AD10,6,
0x40AD20,sub_40AD20,33,
0x40AD50,sub_40AD50,7,
0x40AD80,sub_40AD80,4,
0x40AD90,sub_40AD90,3,
0x40ADA0,sub_40ADA0,25,
0x40ADC0,nullsub_18,1,
0x40ADD0,sub_40ADD0,34,
0x40AE20,sub_40AE20,12,
0x40AE30,sub_40AE30,3,
0x40AE40,sub_40AE40,4,
0x40AE50,sub_40AE50,30,
0x40AE70,sub_40AE70,134,
0x40AF00,sub_40AF00,137,
0x40AF90,sub_40AF90,86,
0x40B030,sub_40B030,6,
0x40B040,sub_40B040,6,
0x40B050,sub_40B050,6,
0x40B060,sub_40B060,6,
0x40B070,sub_40B070,159,
0x40B110,sub_40B110,148,
0x40B1B0,sub_40B1B0,147,
0x40B250,sub_40B250,60,
0x40B290,nullsub_19,1,
0x40B310,sub_40B310,3,
0x40B370,sub_40B370,23,
0x40B390,nullsub_20,1,
0x40B3A0,sub_40B3A0,192,
0x40B460,sub_40B460,9,
0x40B470,sub_40B470,10,
0x40B480,sub_40B480,106,
0x40B4F0,sub_40B4F0,11,
0x40B500,sub_40B500,7,
0x40B510,sub_40B510,9,
0x40B520,sub_40B520,6,
0x40B530,sub_40B530,42,
0x40B560,sub_40B560,584,
0x40B7B0,sub_40B7B0,362,
0x40B940,sub_40B940,99,
0x40B9D0,sub_40B9D0,18,
0x40B9F0,sub_40B9F0,111,
0x40BA60,sub_40BA60,6,
0x40BA70,sub_40BA70,10,
0x40BA80,sub_40BA80,6,
0x40BA90,sub_40BA90,648,
0x40BD20,sub_40BD20,93,
0x40BD80,sub_40BD80,1494,
0x40C3C0,sub_40C3C0,126,
0x40C460,sub_40C460,3,
0x40C480,sub_40C480,65,
0x40C4D0,sub_40C4D0,65,
0x40C520,sub_40C520,4,
0x40C540,sub_40C540,75,
0x40C5A0,nullsub_21,1,
0x40C5B0,sub_40C5B0,4,
0x40C5C0,sub_40C5C0,4,
0x40C5D0,sub_40C5D0,15,
0x40C5E0,sub_40C5E0,3,
0x40C650,sub_40C650,8,
0x40C660,sub_40C660,8,
0x40C680,sub_40C680,8,
0x40C690,sub_40C690,5,
0x40C6A0,sub_40C6A0,5,
0x40C6B0,sub_40C6B0,9,
0x40C6C0,sub_40C6C0,5,
0x40C6E0,sub_40C6E0,45,
0x40C710,sub_40C710,21,
0x40C730,sub_40C730,71,
0x40C7B0,sub_40C7B0,71,
0x40C800,sub_40C800,15,
0x40C810,sub_40C810,5,
0x40C820,sub_40C820,5,
0x40C890,sub_40C890,3,
0x40C8A0,sub_40C8A0,3,
0x40C8B0,sub_40C8B0,3,
0x40C8C0,sub_40C8C0,3,
0x40C8D0,sub_40C8D0,4,
0x40C8E0,sub_40C8E0,4,
0x40C8F0,sub_40C8F0,4,
0x40C900,sub_40C900,4,
0x40C910,sub_40C910,3,
0x40C920,sub_40C920,9,
0x40C940,sub_40C940,11,
0x40C950,sub_40C950,4,
0x40C960,sub_40C960,17,
0x40C980,sub_40C980,3,
0x40C990,sub_40C990,3,
0x40C9A0,sub_40C9A0,48,
0x40C9D0,sub_40C9D0,503,
0x40CC10,sub_40CC10,4,
0x40CC20,sub_40CC20,6,
0x40CC30,sub_40CC30,6,
0x40CC40,sub_40CC40,7,
0x40CC50,sub_40CC50,31,
0x40CC70,sub_40CC70,145,
0x40CD10,sub_40CD10,5,
0x40CD20,sub_40CD20,95,
0x40CD80,sub_40CD80,5,
0x40CD90,sub_40CD90,5,
0x40CDA0,sub_40CDA0,7,
0x40CDB0,sub_40CDB0,7,
0x40CDE0,sub_40CDE0,8,
0x40CDF0,sub_40CDF0,4,
0x40CE00,sub_40CE00,7,
0x40CE40,sub_40CE40,10,
0x40CE70,sub_40CE70,6,
0x40CE90,sub_40CE90,8,
0x40CEA0,sub_40CEA0,36,
0x40CED0,sub_40CED0,13,
0x40CEE0,sub_40CEE0,20,
0x40CF00,sub_40CF00,10,
0x40CF10,sub_40CF10,10,
0x40CF20,sub_40CF20,10,
0x40CF40,sub_40CF40,23,
0x40CF60,sub_40CF60,23,
0x40CF80,sub_40CF80,13,
0x40CF90,sub_40CF90,22,
0x40CFB0,sub_40CFB0,501,
0x40D280,sub_40D280,334,
0x40D400,sub_40D400,239,
0x40D4F0,sub_40D4F0,3,
0x40D500,sub_40D500,3,
0x40D510,sub_40D510,28,
0x40D530,sub_40D530,300,
0x40D680,sub_40D680,36,
0x40D6B0,sub_40D6B0,95,
0x40D730,sub_40D730,19,
0x40D750,sub_40D750,166,
0x40D800,sub_40D800,6,
0x40D810,sub_40D810,10,
0x40D820,sub_40D820,6,
0x40D830,sub_40D830,673,
0x40DAE0,sub_40DAE0,386,
0x40DC80,sub_40DC80,2412,
0x40E5F0,sub_40E5F0,162,
0x40E6A0,sub_40E6A0,182,
0x412720,sub_412720,48,
0x412790,sub_412790,12,
0x4127A0,sub_4127A0,593,
0x412A00,sub_412A00,16,
0x412A10,sub_412A10,75,
0x412A60,sub_412A60,14,
0x412A70,sub_412A70,14,
0x412AA0,sub_412AA0,26,
0x412AC0,sub_412AC0,652,
0x412D50,sub_412D50,4,
0x412D60,sub_412D60,11,
0x412D70,sub_412D70,12,
0x412D80,sub_412D80,12,
0x412D90,sub_412D90,12,
0x412DA0,sub_412DA0,4,
0x412DB0,sub_412DB0,50,
0x412DF0,sub_412DF0,4,
0x412E00,sub_412E00,8,
0x412E70,sub_412E70,46,
0x412ED0,sub_412ED0,16,
0x412EE0,sub_412EE0,4,
0x412F10,sub_412F10,10,
0x412F20,sub_412F20,10,
0x412F50,sub_412F50,5,
0x412F60,sub_412F60,7,
0x412F70,sub_412F70,16,
0x412FA0,sub_412FA0,5,
0x412FE0,nullsub_22,1,
0x412FF0,sub_412FF0,93,
0x4130A0,sub_4130A0,7,
0x4130C0,sub_4130C0,4,
0x4130D0,sub_4130D0,4,
0x4130E0,sub_4130E0,10,
0x413100,sub_413100,9,
0x413120,sub_413120,20,
0x413140,sub_413140,10,
0x413150,sub_413150,10,
0x413160,sub_413160,10,
0x413170,sub_413170,20,
0x4131A0,sub_4131A0,10,
0x4131B0,nullsub_23,1,
0x4131F0,sub_4131F0,4,
0x413220,sub_413220,17,
0x413240,sub_413240,3,
0x413270,sub_413270,30,
0x413350,sub_413350,151,
0x4134B0,sub_4134B0,280,
0x4135D0,sub_4135D0,180,
0x413690,sub_413690,10,
0x4136A0,sub_4136A0,7,
0x4136B0,nullsub_24,1,
0x4136C0,sub_4136C0,97,
0x413730,sub_413730,7,
0x413740,sub_413740,18,
0x413760,sub_413760,13,
0x413770,sub_413770,8,
0x413780,sub_413780,13,
0x4137E0,sub_4137E0,4,
0x413810,sub_413810,367,
0x413980,sub_413980,147,
0x413A20,sub_413A20,289,
0x413BC0,sub_413BC0,1965,
0x414370,sub_414370,476,
0x414570,sub_414570,121,
0x4145F0,sub_4145F0,574,
0x414830,sub_414830,136,
0x4148E0,sub_4148E0,18,
0x414900,sub_414900,3805,
0x415AE0,sub_415AE0,7,
0x415AF0,sub_415AF0,7,
0x415B00,sub_415B00,683,
0x415DB0,sub_415DB0,124,
0x415E90,sub_415E90,4306,
0x417040,sub_417040,671,
0x4172E0,sub_4172E0,640,
0x417580,sub_417580,4,
0x417590,sub_417590,4,
0x4175A0,sub_4175A0,4,
0x4175B0,sub_4175B0,10,
0x4175C0,sub_4175C0,5,
0x4175D0,sub_4175D0,4,
0x4175E0,sub_4175E0,32,
0x417600,sub_417600,10,
0x417630,sub_417630,6,
0x417640,sub_417640,4,
0x417650,sub_417650,6,
0x417670,sub_417670,6,
0x417680,sub_417680,4,
0x417690,sub_417690,10,
0x4176A0,sub_4176A0,4,
0x4176B0,nullsub_25,1,
0x4176C0,sub_4176C0,3,
0x4176D0,sub_4176D0,3,
0x4176E0,sub_4176E0,4,
0x4176F0,sub_4176F0,8,
0x417700,sub_417700,8,
0x417710,sub_417710,13,
0x417720,sub_417720,10,
0x417770,sub_417770,66,
0x4177C0,sub_4177C0,25,
0x4177E0,sub_4177E0,25,
0x417800,sub_417800,58,
0x417870,sub_417870,1009,
0x417C70,sub_417C70,12,
0x417C80,sub_417C80,1105,
0x4180E0,sub_4180E0,107,
0x418190,sub_418190,1544,
0x4187C0,sub_4187C0,7,
0x4187D0,sub_4187D0,31,
0x418810,sub_418810,64,
0x4188A0,sub_4188A0,141,
0x418930,sub_418930,166,
0x4189E0,sub_4189E0,15,
0x4189F0,sub_4189F0,7,
0x418A00,sub_418A00,65,
0x418A90,sub_418A90,20,
0x418AB0,sub_418AB0,4,
0x418AC0,sub_418AC0,15,
0x418AD0,sub_418AD0,21,
0x418AF0,sub_418AF0,17,
0x418B10,sub_418B10,17,
0x418B30,sub_418B30,9,
0x418B40,sub_418B40,4,
0x418B50,sub_418B50,5,
0x418B60,sub_418B60,5,
0x418B70,sub_418B70,4,
0x418B80,sub_418B80,73,
0x418BD0,sub_418BD0,4,
0x418BE0,sub_418BE0,4,
0x418BF0,sub_418BF0,4,
0x418C00,sub_418C00,6,
0x418C10,sub_418C10,9,
0x418C20,nullsub_26,1,
0x418C40,sub_418C40,125,
0x418D00,sub_418D00,51,
0x418D40,sub_418D40,237,
0x418E30,sub_418E30,131,
0x418EE0,sub_418EE0,346,
0x419040,sub_419040,79,
0x419090,sub_419090,67,
0x419120,sub_419120,1317,
0x419650,sub_419650,571,
0x419890,sub_419890,6,
0x4198A0,sub_4198A0,10,
0x4198B0,sub_4198B0,6,
0x4198C0,sub_4198C0,98,
0x419960,sub_419960,1498,
0x419F40,sub_419F40,260,
0x41A050,sub_41A050,75,
0x41A0A0,sub_41A0A0,114,
0x41A120,sub_41A120,220,
0x41A200,sub_41A200,2247,
0x41AB10,sub_41AB10,52,
0x41AB50,sub_41AB50,7,
0x41AB60,sub_41AB60,4,
0x41AB70,sub_41AB70,136,
0x41AC00,sub_41AC00,4,
0x41AC10,sub_41AC10,4,
0x41AC20,sub_41AC20,11,
0x41AC30,sub_41AC30,12,
0x41AC80,sub_41AC80,16,
0x41AC90,nullsub_27,1,
0x41ACA0,sub_41ACA0,7,
0x41ACF0,sub_41ACF0,104,
0x41AD60,sub_41AD60,34,
0x41AD90,sub_41AD90,84,
0x41ADF0,sub_41ADF0,216,
0x41AED0,sub_41AED0,185,
0x41AFB0,sub_41AFB0,18,
0x41AFD0,sub_41AFD0,2253,
0x41B8E0,sub_41B8E0,281,
0x41BA00,sub_41BA00,48,
0x41BA30,sub_41BA30,29,
0x41BA50,sub_41BA50,165,
0x41BB00,sub_41BB00,793,
0x41BE80,sub_41BE80,46,
0x41BEB0,sub_41BEB0,30,
0x41BED0,nullsub_28,1,
0x41BEE0,sub_41BEE0,7,
0x41BEF0,nullsub_2,1,
0x41BF00,sub_41BF00,5,
0x41BF10,sub_41BF10,3,
0x41BF20,sub_41BF20,3,
0x41BF30,sub_41BF30,25,
0x41BF50,sub_41BF50,5,
0x41BF60,sub_41BF60,5,
0x41BF70,sub_41BF70,5,
0x41BF80,sub_41BF80,5,
0x41BF90,nullsub_29,1,
0x41BFA0,nullsub_30,1,
0x41BFB0,nullsub_31,1,
0x41BFC0,nullsub_32,1,
0x41BFD0,nullsub_33,1,
0x41BFE0,nullsub_34,1,
0x41BFF0,nullsub_35,1,
0x41C000,nullsub_36,1,
0x41C010,nullsub_37,1,
0x41C020,nullsub_38,1,
0x41C030,sub_41C030,98,
0x41C0B0,sub_41C0B0,25,
0x41C120,sub_41C120,146,
0x41C1C0,sub_41C1C0,195,
0x41C290,sub_41C290,91,
0x41C330,sub_41C330,274,
0x41C480,sub_41C480,91,
0x41C4E0,sub_41C4E0,46,
0x41C510,sub_41C510,153,
0x41C5B0,sub_41C5B0,202,
0x41C680,sub_41C680,219,
0x41C760,sub_41C760,102,
0x41C7D0,sub_41C7D0,44,
0x41C800,sub_41C800,76,
0x41C850,sub_41C850,44,
0x41C880,sub_41C880,54,
0x41C8C0,sub_41C8C0,442,
0x41CFD0,sub_41CFD0,410,
0x41D170,sub_41D170,329,
0x41D2C0,sub_41D2C0,269,
0x41D3D0,sub_41D3D0,1001,
0x41D7C0,sub_41D7C0,173,
0x41D870,sub_41D870,3,
0x41D880,sub_41D880,1269,
0x41DD80,sub_41DD80,1238,
0x41E260,sub_41E260,609,
0x41E4D0,sub_41E4D0,226,
0x41E5C0,sub_41E5C0,309,
0x41E700,sub_41E700,816,
0x41EA40,sub_41EA40,173,
0x41EAF0,sub_41EAF0,3,
0x41EB00,sub_41EB00,1171,
0x41EFA0,sub_41EFA0,1108,
0x41F400,sub_41F400,623,
0x41F670,sub_41F670,226,
0x41F7A0,sub_41F7A0,91,
0x41F800,sub_41F800,30,
0x41F820,sub_41F820,19,
0x41F840,nullsub_39,1,
0x41F850,sub_41F850,128,
0x41F8D0,sub_41F8D0,82,
0x41F930,sub_41F930,91,
0x41F990,sub_41F990,299,
0x41FAC0,sub_41FAC0,140,
0x41FB50,sub_41FB50,417,
0x41FD00,sub_41FD00,69,
0x41FDD0,sub_41FDD0,220,
0x41FF00,sub_41FF00,34,
0x41FF30,sub_41FF30,7,
0x41FF40,sub_41FF40,13,
0x41FF50,nullsub_40,1,
0x41FF80,sub_41FF80,113,
0x4200C0,sub_4200C0,6,
0x4200D0,sub_4200D0,39,
0x420100,sub_420100,174,
0x4203C0,sub_4203C0,48,
0x4203F0,sub_4203F0,128,
0x420670,sub_420670,504,
0x420A90,sub_420A90,120,
0x420B10,sub_420B10,73,
0x420B80,sub_420B80,125,
0x420C00,sub_420C00,41,
0x420C30,sub_420C30,84,
0x420CD0,sub_420CD0,53,
0x420DB0,nullsub_41,1,
0x420DC0,nullsub_42,1,
0x420DD0,sub_420DD0,205,
0x420EA0,sub_420EA0,118,
0x421070,sub_421070,268,
0x421180,sub_421180,369,
0x421300,sub_421300,269,
0x421410,nullsub_43,1,
0x421420,sub_421420,35,
0x421450,sub_421450,35,
0x4215A0,sub_4215A0,330,
0x4216F0,sub_4216F0,465,
0x4218D0,sub_4218D0,572,
0x421B70,sub_421B70,23,
0x421B90,sub_421B90,77,
0x421C50,sub_421C50,25,
0x421C90,sub_421C90,13,
0x421CA0,sub_421CA0,13,
0x421CB0,sub_421CB0,13,
0x421CC0,sub_421CC0,12,
0x421CE0,sub_421CE0,10,
0x421CF0,sub_421CF0,13,
0x421D00,sub_421D00,21,
0x421D20,sub_421D20,21,
0x421D40,nullsub_44,1,
0x421D70,sub_421D70,4,
0x421D80,sub_421D80,8,
0x421D90,sub_421D90,8,
0x421DA0,sub_421DA0,8,
0x421DB0,sub_421DB0,8,
0x421DC0,sub_421DC0,8,
0x421DD0,sub_421DD0,8,
0x421DE0,sub_421DE0,11,
0x421DF0,sub_421DF0,11,
0x421E00,sub_421E00,225,
0x421EF0,sub_421EF0,4,
0x421F00,sub_421F00,71,
0x421F50,sub_421F50,12,
0x421F60,sub_421F60,28,
0x421FA0,sub_421FA0,316,
0x4220E0,sub_4220E0,101,
0x422150,sub_422150,142,
0x4221E0,sub_4221E0,3,
0x4221F0,sub_4221F0,3,
0x422220,sub_422220,311,
0x422360,sub_422360,67,
0x4223F0,sub_4223F0,179,
0x4224C0,sub_4224C0,404,
0x422660,sub_422660,1035,
0x422A90,sub_422A90,10,
0x422AA0,sub_422AA0,7,
0x422AB0,sub_422AB0,382,
0x422C30,sub_422C30,74,
0x422C80,sub_422C80,1338,
0x4231D0,sub_4231D0,411,
0x423370,sub_423370,411,
0x423510,sub_423510,89,
0x423570,sub_423570,377,
0x4236F0,sub_4236F0,3227,
0x4243F0,sub_4243F0,65,
0x424590,sub_424590,4,
0x4245A0,sub_4245A0,7,
0x4245C0,sub_4245C0,4,
0x4245F0,nullsub_45,1,
0x424600,sub_424600,7,
0x424610,sub_424610,6,
0x424620,sub_424620,25,
0x424640,sub_424640,4,
0x4246C0,sub_4246C0,244,
0x4247C0,sub_4247C0,7,
0x4247D0,sub_4247D0,10,
0x4247E0,sub_4247E0,7,
0x4247F0,sub_4247F0,1435,
0x424D90,sub_424D90,273,
0x424EB0,sub_424EB0,3,
0x424EC0,sub_424EC0,3,
0x424ED0,sub_424ED0,325,
0x425020,sub_425020,69,
0x425090,sub_425090,18,
0x4250B0,sub_4250B0,1591,
0x426500,sub_426500,7,
0x426510,sub_426510,7,
0x426660,sub_426660,67,
0x4266B0,sub_4266B0,316,
0x4267F0,sub_4267F0,471,
0x4269D0,sub_4269D0,796,
0x426CF0,sub_426CF0,627,
0x426F70,sub_426F70,2494,
0x427960,sub_427960,359,
0x427AD0,sub_427AD0,12,
0x427AE0,sub_427AE0,99,
0x427B50,sub_427B50,181,
0x427C40,sub_427C40,4,
0x427C50,sub_427C50,21,
0x427C70,sub_427C70,29,
0x427CB0,sub_427CB0,6,
0x427D50,sub_427D50,24,
0x427D70,sub_427D70,6,
0x427DC0,sub_427DC0,16,
0x427DF0,sub_427DF0,4,
0x427E00,nullsub_46,1,
0x427E10,sub_427E10,3,
0x427E20,sub_427E20,23,
0x427E90,sub_427E90,717,
0x4281D0,sub_4281D0,174,
0x428630,sub_428630,1170,
0x428AD0,sub_428AD0,53,
0x428B10,sub_428B10,266,
0x428C20,sub_428C20,125,
0x428CE0,sub_428CE0,80,
0x428D70,sub_428D70,91,
0x428DD0,sub_428DD0,20,
0x428E10,sub_428E10,83,
0x428F60,sub_428F60,1344,
0x4294A0,sub_4294A0,367,
0x429610,sub_429610,185,
0x4296F0,sub_4296F0,181,
0x4297B0,sub_4297B0,18,
0x4297D0,sub_4297D0,596,
0x429A70,sub_429A70,182,
0x429B60,sub_429B60,1681,
0x42A200,sub_42A200,450,
0x42A3D0,sub_42A3D0,10,
0x42A3E0,sub_42A3E0,68,
0x42A430,sub_42A430,28,
0x42A450,sub_42A450,582,
0x42A6A0,sub_42A6A0,356,
0x42A810,sub_42A810,7,
0x42A820,sub_42A820,14,
0x42A8A0,sub_42A8A0,85,
0x42A930,sub_42A930,59,
0x42A970,sub_42A970,4,
0x42A980,sub_42A980,4,
0x42A990,sub_42A990,19,
0x42A9B0,sub_42A9B0,6,
0x42A9C0,sub_42A9C0,8,
0x42A9D0,sub_42A9D0,4,
0x42AA10,sub_42AA10,50,
0x42AA50,sub_42AA50,139,
0x42AB20,sub_42AB20,93,
0x42AC10,nullsub_47,1,
0x42AC20,sub_42AC20,55,
0x42AC60,sub_42AC60,37,
0x42ACB0,sub_42ACB0,274,
0x42ADD0,sub_42ADD0,142,
0x42AE60,sub_42AE60,132,
0x42AF20,sub_42AF20,97,
0x42B030,sub_42B030,423,
0x42B1E0,sub_42B1E0,564,
0x42B420,nullsub_48,1,
0x42B430,sub_42B430,134,
0x42B4C0,sub_42B4C0,7,
0x42B4D0,sub_42B4D0,145,
0x42B570,sub_42B570,232,
0x42B660,sub_42B660,71,
0x42B6D0,sub_42B6D0,18,
0x42B780,sub_42B780,540,
0x42B9B0,sub_42B9B0,10,
0x42B9C0,sub_42B9C0,167,
0x42BA70,sub_42BA70,17,
0x42BA90,sub_42BA90,13,
0x42BAA0,sub_42BAA0,13,
0x42BAB0,nullsub_49,1,
0x42BAD0,sub_42BAD0,86,
0x42BB30,sub_42BB30,145,
0x42BBD0,sub_42BBD0,84,
0x42BC30,sub_42BC30,405,
0x42BE10,sub_42BE10,16,
0x42BE20,sub_42BE20,261,
0x42BF30,sub_42BF30,67,
0x42BFC0,sub_42BFC0,926,
0x42C360,sub_42C360,531,
0x42C580,sub_42C580,5,
0x42C590,sub_42C590,10,
0x42C5A0,nullsub_50,1,
0x42C5B0,sub_42C5B0,6,
0x42C5C0,sub_42C5C0,83,
0x42C620,sub_42C620,80,
0x42C670,sub_42C670,95,
0x42C6D0,sub_42C6D0,83,
0x42C730,sub_42C730,27,
0x42C750,sub_42C750,27,
0x42C770,sub_42C770,65,
0x42C7C0,sub_42C7C0,25,
0x42C830,sub_42C830,7,
0x42C850,sub_42C850,69,
0x42C8C0,sub_42C8C0,93,
0x42C920,sub_42C920,204,
0x42C9F0,sub_42C9F0,168,
0x42CAA0,sub_42CAA0,192,
0x42CB60,sub_42CB60,491,
0x42CD50,sub_42CD50,96,
0x42CDB0,sub_42CDB0,18,
0x42CDF0,sub_42CDF0,1059,
0x42D2E0,sub_42D2E0,7,
0x42D2F0,sub_42D2F0,7,
0x42D300,sub_42D300,268,
0x42D420,sub_42D420,1195,
0x42D920,sub_42D920,3168,
0x42E5A0,sub_42E5A0,3999,
0x42F540,sub_42F540,859,
0x42F8B0,sub_42F8B0,2452,
0x430250,sub_430250,200,
0x4306A0,sub_4306A0,936,
0x430A60,sub_430A60,1403,
0x430FF0,sub_430FF0,1031,
0x431410,sub_431410,419,
0x4315C0,sub_4315C0,1466,
0x431BA0,sub_431BA0,825,
0x431EE0,sub_431EE0,1949,
0x432690,sub_432690,850,
0x4329F0,sub_4329F0,689,
0x432CB0,sub_432CB0,1382,
0x433230,sub_433230,826,
0x433B30,sub_433B30,955,
0x433EF0,sub_433EF0,2778,
0x4349E0,sub_4349E0,59,
0x434A20,sub_434A20,92,
0x434A80,sub_434A80,206,
0x434B60,sub_434B60,4,
0x434B70,sub_434B70,11,
0x434B90,sub_434B90,5,
0x434BA0,sub_434BA0,17,
0x434BC0,sub_434BC0,20,
0x434BE0,sub_434BE0,8,
0x434BF0,sub_434BF0,11,
0x434C00,nullsub_51,1,
0x434C10,sub_434C10,16,
0x434C20,sub_434C20,10,
0x434C30,sub_434C30,108,
0x434D10,sub_434D10,86,
0x434D70,sub_434D70,93,
0x434DD0,sub_434DD0,281,
0x434EF0,sub_434EF0,51,
0x434F30,sub_434F30,53,
0x434F70,sub_434F70,350,
0x4350D0,sub_4350D0,327,
0x435250,sub_435250,26,
0x435270,sub_435270,12,
0x4352C0,unknown_libname_1,9,
0x4352D0,nullsub_52,1,
0x4352E0,nullsub_53,1,
0x4352F0,nullsub_54,1,
0x435300,sub_435300,21,
0x435320,sub_435320,30,
0x435340,sub_435340,46,
0x435370,sub_435370,239,
0x435490,sub_435490,57,
0x4354D0,sub_4354D0,63,
0x435550,sub_435550,37,
0x435610,sub_435610,121,
0x435690,sub_435690,7,
0x4356A0,sub_4356A0,31,
0x4356C0,sub_4356C0,7,
0x4356F0,sub_4356F0,212,
0x435800,sub_435800,214,
0x4358E0,sub_4358E0,190,
0x4359A0,sub_4359A0,4,
0x4359B0,sub_4359B0,1029,
0x435DC0,sub_435DC0,475,
0x435FA0,sub_435FA0,36,
0x436000,sub_436000,516,
0x436210,sub_436210,80,
0x436260,sub_436260,79,
0x4362B0,sub_4362B0,117,
0x436330,sub_436330,49,
0x436370,sub_436370,5,
0x436380,sub_436380,18,
0x4363A0,sub_4363A0,30,
0x4363C0,sub_4363C0,49,
0x436400,sub_436400,46,
0x436430,sub_436430,37,
0x436460,sub_436460,108,
0x4364D0,sub_4364D0,7,
0x4364E0,sub_4364E0,4,
0x4364F0,sub_4364F0,107,
0x436570,sub_436570,201,
0x436640,sub_436640,18,
0x436660,sub_436660,30,
0x436680,sub_436680,49,
0x4366C0,sub_4366C0,168,
0x436770,sub_436770,13,
0x4367A0,sub_4367A0,35,
0x4367D0,j__memcpy,5,
0x4367E0,sub_4367E0,11,
0x4367F0,sub_4367F0,3,
0x436800,sub_436800,7,
0x436810,sub_436810,7,
0x436820,sub_436820,7,
0x436830,sub_436830,7,
0x436840,sub_436840,7,
0x436850,sub_436850,7,
0x436890,sub_436890,99,
0x4369E0,sub_4369E0,49,
0x436A20,sub_436A20,5,
0x436A30,sub_436A30,107,
0x436AF0,sub_436AF0,421,
0x436CA0,sub_436CA0,72,
0x436D30,sub_436D30,46,
0x436DA0,sub_436DA0,946,
0x4372A0,sub_4372A0,222,
0x437380,sub_437380,525,
0x437750,sub_437750,645,
0x437A00,sub_437A00,781,
0x437D10,sub_437D10,149,
0x437DB0,sub_437DB0,554,
0x437FE0,sub_437FE0,509,
0x4381E0,sub_4381E0,16,
0x438250,sub_438250,4,
0x438260,sub_438260,227,
0x438350,sub_438350,37,
0x438380,sub_438380,83,
0x4383E0,unknown_libname_2,14,
0x4383F0,sub_4383F0,5,
0x438400,sub_438400,3,
0x438410,sub_438410,5,
0x438420,sub_438420,234,
0x438510,sub_438510,117,
0x438590,sub_438590,31,
0x4385B0,sub_4385B0,202,
0x438680,unknown_libname_3,14,
0x4386A0,sub_4386A0,6,
0x4386B0,sub_4386B0,322,
0x438850,sub_438850,4,
0x438870,nullsub_55,1,
0x438974,sub_438974,43,
0x4389B0,sub_4389B0,3,
0x4389C0,sub_4389C0,4,
0x4389D0,sub_4389D0,4,
0x4389E0,sub_4389E0,4,
0x438A30,sub_438A30,43,
0x438A60,sub_438A60,111,
0x438AD0,_WinMain@16,1389,
0x4390E0,sub_4390E0,265,
0x4391F0,sub_4391F0,236,
0x4392E0,sub_4392E0,100,
0x439660,sub_439660,152,
0x439D20,sub_439D20,710,
0x439FF0,sub_439FF0,442,
0x43A1C0,sub_43A1C0,207,
0x43A290,sub_43A290,272,
0x43A3A0,DialogFunc,233,
0x43A490,sub_43A490,14,
0x43A5C0,sub_43A5C0,63,
0x43A6E0,sub_43A6E0,11,
0x43A6F0,sub_43A6F0,14,
0x43A700,sub_43A700,37,
0x43A730,sub_43A730,26,
0x43A910,sub_43A910,156,
0x43A9B0,sub_43A9B0,116,
0x43AA60,sub_43AA60,107,
0x43AAD0,sub_43AAD0,448,
0x43AC90,sub_43AC90,72,
0x43ACE0,sub_43ACE0,132,
0x43AE20,sub_43AE20,129,
0x43AEB0,sub_43AEB0,79,
0x43AF00,sub_43AF00,39,
0x43AF30,sub_43AF30,473,
0x43B110,sub_43B110,1323,
0x43B7A0,sub_43B7A0,140,
0x43B8B0,nullsub_3,1,
0x43B8C0,nullsub_56,1,
0x43B8D0,sub_43B8D0,439,
0x43BA90,sub_43BA90,83,
0x43BAF0,sub_43BAF0,52,
0x43BB30,sub_43BB30,98,
0x43BBF0,sub_43BBF0,4,
0x43BC00,sub_43BC00,4,
0x43BC10,sub_43BC10,4,
0x43BC40,sub_43BC40,135,
0x43BCD0,sub_43BCD0,108,
0x43BDA0,sub_43BDA0,483,
0x43BF90,sub_43BF90,3,
0x43BFA0,sub_43BFA0,501,
0x43C1A0,sub_43C1A0,134,
0x43C230,sub_43C230,133,
0x43C2C0,sub_43C2C0,68,
0x43C310,sub_43C310,175,
0x43C3C0,sub_43C3C0,68,
0x43C410,sub_43C410,68,
0x43C460,sub_43C460,154,
0x43C500,sub_43C500,74,
0x43C550,sub_43C550,439,
0x43C710,sub_43C710,349,
0x43C8B0,sub_43C8B0,82,
0x43C970,sub_43C970,357,
0x43CB00,sub_43CB00,127,
0x43CB80,sub_43CB80,88,
0x43CBE0,nullsub_57,1,
0x43CC30,sub_43CC30,13,
0x43CC40,sub_43CC40,175,
0x43CCF0,StartAddress,57,
0x43CD30,sub_43CD30,786,
0x43D080,sub_43D080,107,
0x43D120,sub_43D120,301,
0x43D250,sub_43D250,71,
0x43D2A0,sub_43D2A0,227,
0x43D390,sub_43D390,684,
0x43D690,sub_43D690,241,
0x43D7D0,sub_43D7D0,369,
0x43D950,sub_43D950,298,
0x43DAB0,sub_43DAB0,176,
0x43DB60,sub_43DB60,295,
0x43DC90,sub_43DC90,123,
0x43DD10,sub_43DD10,149,
0x43DDF0,sub_43DDF0,1419,
0x43E3A0,sub_43E3A0,189,
0x43E460,sub_43E460,104,
0x43E520,sub_43E520,7,
0x43E530,sub_43E530,4,
0x43E560,sub_43E560,3,
0x43E570,nullsub_58,1,
0x43E5A0,sub_43E5A0,356,
0x43E710,sub_43E710,203,
0x43E7E0,sub_43E7E0,194,
0x43E8B0,sub_43E8B0,287,
0x43E9D0,sub_43E9D0,228,
0x43EAC0,sub_43EAC0,334,
0x43EC70,sub_43EC70,104,
0x43ED00,sub_43ED00,108,
0x43EDA0,sub_43EDA0,92,
0x43EE30,sub_43EE30,9587,
0x4415C0,sub_4415C0,57,
0x441600,sub_441600,820,
0x441940,sub_441940,4,
0x441950,sub_441950,370,
0x441AD0,sub_441AD0,652,
0x441D60,sub_441D60,4,
0x441E40,sub_441E40,15,
0x441E50,sub_441E50,56,
0x441EF0,sub_441EF0,30,
0x441F50,sub_441F50,116,
0x441FD0,sub_441FD0,4,
0x441FE0,sub_441FE0,4,
0x441FF0,sub_441FF0,5,
0x442000,sub_442000,6,
0x442050,sub_442050,208,
0x442120,sub_442120,4,
0x442130,sub_442130,20,
0x442150,sub_442150,20,
0x442170,sub_442170,4,
0x4421A0,sub_4421A0,17,
0x4421C0,sub_4421C0,20,
0x4422F0,sub_4422F0,15,
0x442390,sub_442390,6,
0x4423A0,sub_4423A0,6,
0x4423C0,sub_4423C0,25,
0x4423E0,sub_4423E0,440,
0x4425A0,sub_4425A0,201,
0x442AD0,sub_442AD0,1111,
0x442F30,sub_442F30,29,
0x442F50,sub_442F50,133,
0x442FE0,sub_442FE0,157,
0x4436C0,sub_4436C0,591,
0x443B60,sub_443B60,1047,
0x443F80,sub_443F80,33,
0x443FB0,sub_443FB0,643,
0x4445C0,sub_4445C0,402,
0x444B10,sub_444B10,201,
0x444BE0,sub_444BE0,201,
0x444CE0,sub_444CE0,224,
0x4450E0,sub_4450E0,211,
0x4451C0,sub_4451C0,173,
0x4452E0,sub_4452E0,10,
0x4452F0,sub_4452F0,803,
0x445620,sub_445620,598,
0x445880,sub_445880,25,
0x4458A0,sub_4458A0,7,
0x4458B0,sub_4458B0,30,
0x4458D0,sub_4458D0,3,
0x4458E0,sub_4458E0,3,
0x4458F0,sub_4458F0,3,
0x446210,sub_446210,3,
0x4462F0,sub_4462F0,472,
0x4464F4,__RTC_NumErrors,6,
0x446500,sub_446500,46,
0x4465B0,sub_4465B0,1417,
0x446B70,sub_446B70,245,
0x446C70,sub_446C70,243,
0x446D70,sub_446D70,320,
0x446EB0,sub_446EB0,132,
0x446F40,sub_446F40,264,
0x4470C0,sub_4470C0,433,
0x4472E0,sub_4472E0,214,
0x4473C0,sub_4473C0,174,
0x447470,sub_447470,650,
0x447700,sub_447700,135,
0x4477D0,sub_4477D0,55,
0x447940,sub_447940,143,
0x4479D0,sub_4479D0,127,
0x447A50,sub_447A50,141,
0x447AE0,sub_447AE0,204,
0x447BB0,sub_447BB0,194,
0x447C80,sub_447C80,576,
0x447EC0,sub_447EC0,169,
0x447F70,sub_447F70,87,
0x448360,sub_448360,227,
0x4485D0,sub_4485D0,7,
0x4485E0,sub_4485E0,7,
0x4485F0,sub_4485F0,12,
0x448600,sub_448600,15,
0x448610,sub_448610,15,
0x448620,sub_448620,115,
0x4486A0,sub_4486A0,15,
0x4486B0,sub_4486B0,15,
0x4486C0,sub_4486C0,15,
0x4486D0,sub_4486D0,15,
0x4486E0,sub_4486E0,15,
0x4486F0,sub_4486F0,15,
0x448700,sub_448700,15,
0x448710,sub_448710,15,
0x448720,sub_448720,15,
0x448730,sub_448730,15,
0x448740,sub_448740,48,
0x448770,sub_448770,72,
0x4487C0,sub_4487C0,72,
0x448810,sub_448810,72,
0x4489D0,sub_4489D0,118,
0x448A50,sub_448A50,112,
0x448AC0,sub_448AC0,118,
0x448B40,sub_448B40,112,
0x448BB0,sub_448BB0,268,
0x448D00,sub_448D00,73,
0x448D50,sub_448D50,95,
0x448DB0,sub_448DB0,118,
0x448E30,sub_448E30,73,
0x448E80,sub_448E80,95,
0x448EE0,sub_448EE0,118,
0x448F60,sub_448F60,73,
0x448FB0,sub_448FB0,95,
0x449010,sub_449010,118,
0x4490E0,sub_4490E0,95,
0x449140,sub_449140,118,
0x4491C0,sub_4491C0,73,
0x4492A0,sub_4492A0,66,
0x4492F0,sub_4492F0,90,
0x4493E0,sub_4493E0,92,
0x449440,sub_449440,11,
0x449590,sub_449590,67,
0x4495E0,sub_4495E0,67,
0x449670,sub_449670,36,
0x4496A0,sub_4496A0,34,
0x4496D0,sub_4496D0,36,
0x449700,sub_449700,111,
0x4497D0,sub_4497D0,70,
0x449A20,sub_449A20,8,
0x449A40,nullsub_59,1,
0x449A50,sub_449A50,32,
0x449A70,sub_449A70,32,
0x449A90,sub_449A90,12,
0x449AA0,sub_449AA0,59,
0x449AE0,sub_449AE0,131,
0x449B70,sub_449B70,131,
0x449C00,sub_449C00,273,
0x449D40,sub_449D40,241,
0x449E50,sub_449E50,82,
0x449ED0,sub_449ED0,74,
0x449F60,sub_449F60,114,
0x44A000,sub_44A000,43,
0x44A030,sub_44A030,43,
0x44A0C0,sub_44A0C0,105,
0x44A190,sub_44A190,833,
0x44A4E0,sub_44A4E0,264,
0x44A5F0,sub_44A5F0,850,
0x44A950,sub_44A950,127,
0x44A9D0,sub_44A9D0,850,
0x44AD30,sub_44AD30,725,
0x44B010,sub_44B010,103,
0x44B080,sub_44B080,75,
0x44B0D0,sub_44B0D0,323,
0x44B220,sub_44B220,307,
0x44B360,sub_44B360,360,
0x44B4D0,sub_44B4D0,111,
0x44B540,sub_44B540,218,
0x44B620,sub_44B620,137,
0x44B6B0,sub_44B6B0,137,
0x44B740,sub_44B740,76,
0x44B790,sub_44B790,74,
0x44B7E0,sub_44B7E0,37,
0x44B810,sub_44B810,201,
0x44B8E0,sub_44B8E0,201,
0x44B9B0,sub_44B9B0,39,
0x44B9E0,sub_44B9E0,78,
0x44BA80,sub_44BA80,155,
0x44BB20,sub_44BB20,109,
0x44BB90,sub_44BB90,115,
0x44BC10,sub_44BC10,94,
0x44BC70,sub_44BC70,94,
0x44BE20,sub_44BE20,66,
0x44BE70,sub_44BE70,47,
0x44BEA0,sub_44BEA0,128,
0x44BF20,sub_44BF20,5,
0x44BF40,sub_44BF40,88,
0x44C000,sub_44C000,103,
0x44C0E0,sub_44C0E0,21,
0x44C140,sub_44C140,8,
0x44C150,sub_44C150,101,
0x44C1C0,sub_44C1C0,56,
0x44C250,sub_44C250,4,
0x44C2A0,sub_44C2A0,171,
0x44C350,sub_44C350,509,
0x44C590,sub_44C590,57,
0x44C5D0,sub_44C5D0,30,
0x44C600,sub_44C600,4,
0x44C610,nullsub_60,1,
0x44C620,sub_44C620,14,
0x44C630,nullsub_61,1,
0x44C7E0,sub_44C7E0,260,
0x44C8F0,sub_44C8F0,702,
0x44CBF0,sub_44CBF0,651,
0x44CE80,sub_44CE80,118,
0x44CF20,sub_44CF20,338,
0x44D080,sub_44D080,136,
0x44D110,sub_44D110,483,
0x44D300,sub_44D300,98,
0x44D370,sub_44D370,103,
0x44D440,sub_44D440,145,
0x44D4E0,sub_44D4E0,106,
0x44D550,sub_44D550,82,
0x44D5B0,sub_44D5B0,29,
0x44D5D0,sub_44D5D0,41,
0x44D600,sub_44D600,61,
0x44D6A0,sub_44D6A0,109,
0x44D730,sub_44D730,11,
0x44D850,sub_44D850,637,
0x44DAD0,sub_44DAD0,213,
0x44DBB0,sub_44DBB0,17,
0x44DBF0,sub_44DBF0,173,
0x44DCA0,sub_44DCA0,78,
0x44DD30,sub_44DD30,4,
0x44DD40,sub_44DD40,194,
0x44DE10,sub_44DE10,202,
0x44DF00,nullsub_62,1,
0x44DF10,nullsub_63,1,
0x44DF20,sub_44DF20,11,
0x44DF30,sub_44DF30,3,
0x44DF40,sub_44DF40,7,
0x44DF50,sub_44DF50,7,
0x44DF60,sub_44DF60,7,
0x44DF70,sub_44DF70,550,
0x44E1A0,sub_44E1A0,6690,
0x44FD10,sub_44FD10,146,
0x44FDB0,sub_44FDB0,144,
0x44FE40,sub_44FE40,183,
0x44FF00,sub_44FF00,124,
0x44FF80,sub_44FF80,171,
0x450030,sub_450030,58,
0x450070,sub_450070,93,
0x4500D0,sub_4500D0,142,
0x450160,sub_450160,36,
0x450190,sub_450190,31,
0x4501B0,sub_4501B0,30,
0x4501D0,nullsub_64,1,
0x4501E0,sub_4501E0,7,
0x4501F0,sub_4501F0,7,
0x450200,sub_450200,7,
0x450210,sub_450210,12,
0x450220,sub_450220,589,
0x450470,sub_450470,136,
0x450500,sub_450500,89,
0x4505B0,sub_4505B0,96,
0x450690,sub_450690,64,
0x4506D0,sub_4506D0,41,
0x450700,sub_450700,30,
0x45071E,DirectInput8Create,6,
0x451354,nullsub_65,3,
0x451364,nullsub_66,1,
0x4513D4,nullsub_67,3,
0x4513E4,nullsub_68,1,
0x452170,DirectSoundCreate8,6,
0x452176,Direct3DCreate9,6,
0x45217C,D3DXVec3Normalize,6,
0x452182,D3DXMatrixTranslation,6,
0x452188,D3DXVec3ProjectArray,6,
0x45218E,D3DXVec3Project,6,
0x452194,D3DXMatrixLookAtLH,6,
0x45219A,D3DXMatrixPerspectiveFovLH,6,
0x4521A0,D3DXCreateTexture,6,
0x4521A6,D3DXLoadSurfaceFromMemory,6,
0x4521AC,D3DXMatrixRotationX,6,
0x4521B2,D3DXMatrixMultiply,6,
0x4521B8,D3DXMatrixRotationY,6,
0x4521BE,D3DXMatrixRotationZ,6,
0x4521C4,D3DXVec3Transform,6,
0x4521CA,D3DXCreateTextureFromFileInMemoryEx,6,
0x4521D0,D3DXLoadSurfaceFromFileInMemory,6,
0x4521D6,D3DXLoadSurfaceFromSurface,6,
0x4521DC,timeGetTime,6,
0x4521E2,timeEndPeriod,6,
0x4521E8,timeBeginPeriod,6,
0x4521EE,midiOutOpen,6,
0x4521F4,midiOutReset,6,
0x4521FA,midiOutClose,6,
0x452200,midiOutPrepareHeader,6,
0x452206,midiOutLongMsg,6,
0x45220C,midiOutShortMsg,6,
0x452212,midiOutGetDevCapsA,6,
0x452218,timeGetDevCaps,6,
0x45221E,timeSetEvent,6,
0x452224,timeKillEvent,6,
0x45222A,midiOutUnprepareHeader,6,
0x452230,joyGetPosEx,6,
0x452236,joyGetDevCapsA,6,
0x45223C,FindFirstFileA,6,
0x452242,FindNextFileA,6,
0x452248,FindClose,6,
0x45224E,Sleep,6,
0x452254,EnterCriticalSection,6,
0x45225A,LeaveCriticalSection,6,
0x452260,InitializeCriticalSection,6,
0x452266,DeleteCriticalSection,6,
0x45226C,DeleteFileA,6,
0x452272,CreateFileA,6,
0x452278,SetFilePointer,6,
0x45227E,CloseHandle,6,
0x452284,ReadFile,6,
0x45228A,WriteFile,6,
0x452290,GetFileSize,6,
0x452296,GetModuleFileNameA,6,
0x45229C,CreateProcessA,6,
0x4522A2,GetExitCodeProcess,6,
0x4522A8,FindResourceA,6,
0x4522AE,LoadResource,6,
0x4522B4,LockResource,6,
0x4522BA,FreeResource,6,
0x4522C0,SizeofResource,6,
0x4522C6,QueryPerformanceCounter,6,
0x4522CC,GetConsoleTitleA,6,
0x4522D2,MultiByteToWideChar,6,
0x4522D8,GetStartupInfoA,6,
0x4522DE,GetLastError,6,
0x4522E4,CreateMutexA,6,
0x4522EA,QueryPerformanceFrequency,6,
0x4522F0,CreateThread,6,
0x4522F6,WaitForSingleObject,6,
0x4522FC,CreateEventA,6,
0x452302,FormatMessageA,6,
0x452308,LocalFree,6,
0x45230E,GetVersionExA,6,
0x452314,ResumeThread,6,
0x45231A,DrawTextA,6,
0x452320,MoveWindow,6,
0x452326,RegisterClassA,6,
0x45232C,WINNLSEnableIME,6,
0x452332,DialogBoxParamA,6,
0x452338,LoadCursorA,6,
0x45233E,GetSystemMetrics,6,
0x452344,SystemParametersInfoA,6,
0x45234A,DispatchMessageA,6,
0x452350,IsDlgButtonChecked,6,
0x452356,ShowWindow,6,
0x45235C,DefWindowProcA,6,
0x452362,EndDialog,6,
0x452368,GetDlgItem,6,
0x45236E,PeekMessageA,6,
0x452374,CreateWindowExA,6,
0x45237A,MessageBoxA,6,
0x452380,ShowCursor,6,
0x452386,TranslateMessage,6,
0x45238C,SendMessageA,6,
0x452392,SetForegroundWindow,6,
0x452398,SetCursor,6,
0x45239E,DestroyWindow,6,
0x4523A4,GetWindowLongA,6,
0x4523AA,SetTimer,6,
0x4523B0,KillTimer,6,
0x4523B6,PostThreadMessageA,6,
0x4523BC,MsgWaitForMultipleObjects,6,
0x4523C2,GetKeyboardState,6,
0x4523C8,SetKeyboardState,6,
0x4523CE,FindWindowA,6,
0x4523D4,CreateFontA,6,
0x4523DA,DeleteObject,6,
0x4523E0,SelectObject,6,
0x4523E6,DeleteDC,6,
0x4523EC,CreateDIBSection,6,
0x4523F2,CreateCompatibleDC,6,
0x4523F8,SetBkMode,6,
0x4523FE,SetTextColor,6,
0x452404,TextOutA,6,
0x45240A,GetStockObject,6,
0x452410,CoCreateInstance,6,
0x452416,CoUninitialize,6,
0x45241C,CoInitialize,6,
0x452422,_free,113,
0x452493,??2@YAPAXI@Z,14,
0x4524A1,j__free,5,
0x4524A6,_vsprintf,87,
0x45252D,??_L@YGXPAXIHP6EX0@Z1@Z,98,
0x45258F,?ArrayUnwindFilter@@YAHPAU_EXCEPTION_POINTERS@@@Z,18,
0x4525A1,?__ArrayUnwind@@YGXPAXIHP6EX0@Z@Z,94,
0x4525FF,??_M@YGXPAXIHP6EX0@Z@Z,96,
0x45265F,__heap_alloc,123,
0x4526DA,__nh_malloc,44,
0x452706,_malloc,18,
0x452730,_strchr,190,
0x4527EE,_atol,136,
0x452876,j__atol,5,
0x45287B,__atoi64,167,
0x452930,_strrchr,45,
0x452960,_strncpy,292,
0x452A84,_atof,56,
0x452ABC,__mkdir,44,
0x452AE8,_sprintf,88,
0x452B71,_time,57,
0x452BAA,_localtime,384,
0x452D2A,__onexit_lk,128,
0x452DD2,__onexit,56,
0x452E0A,_atexit,18,
0x452E1C,__endthread,61,
0x452E5A,__threadstart@4,146,
0x452EEC,__beginthread,145,
0x452F80,_strncmp,57,
0x452FB9,_sscanf,52,
0x452FF0,_floor,289,
0x453111,sub_453111,328,
0x453259,__purecall,18,
0x45326D,sub_45326D,16,
0x453280,_memcpy,829,
0x4535BD,__endthreadex,48,
0x4535EE,__threadstartex@4,149,
0x453683,__beginthreadex,139,
0x45370E,_srand,13,
0x45371B,_rand,34,
0x45373D,__amsg_exit,37,
0x453762,_fast_error_exit,33,
0x4537DC,start,469,
0x4539B1,___heap_select,26,
0x4539CB,__heap_init,81,
0x453A9B,sub_453A9B,6,
0x453AA1,__mtinitlocks,73,
0x453AEA,__mtdeletelocks,85,
0x453B3F,__unlock,21,
0x453B60,sub_453B60,10,
0x453B6C,__mtinitlocknum,160,
0x453C0C,__lock,49,
0x453C3D,__get_sbh_threshold,21,
0x453C52,___sbh_heap_init,72,
0x453C9A,___sbh_find_block,43,
0x453CC5,___sbh_free_block,792,
0x453FDD,___sbh_alloc_new_region,183,
0x454094,___sbh_alloc_new_group,262,
0x45419A,___sbh_resize_block,735,
0x45454A,___sbh_heap_check,793,
0x454863,__set_sbh_threshold,91,
0x4548BE,___sbh_alloc_block,764,
0x454BBC,__SEH_prolog,59,
0x454BF7,__SEH_epilog,17,
0x454C10,__except_handler3,230,
0x454CF6,__seh_longjmp_unwind@4,27,
0x454D11,__flsbuf,281,
0x454E2A,_write_char,51,
0x454E5D,_write_multi_char,36,
0x454E81,_write_string,55,
0x454EB8,_get_int_arg,9,
0x454EC1,_get_int64_arg,12,
0x454ECD,_get_short_arg,10,
0x454ED7,sub_454ED7,1946,
0x455693,?terminate@@YAXXZ,53,
0x4556C8,?unexpected@@YAXXZ,24,
0x4556E0,sub_4556E0,45,
0x45570D,?_set_new_handler@@YAP6AHI@ZP6AHI@Z@Z,36,
0x455731,sub_455731,6,
0x455737,__callnewh,27,
0x455752,___isctype_mt,119,
0x4557F0,sub_4557F0,6,
0x4557F6,sub_4557F6,6,
0x4557FC,___freetlocinfo,208,
0x4558CC,___updatetlocinfo_lk,193,
0x45598D,sub_45598D,3,
0x455990,__strcats,36,
0x4559B4,___lc_strtolc,220,
0x455A90,___lc_lctostr,78,
0x455ADE,___updatetlocinfo,59,
0x455B19,sub_455B19,218,
0x455BF3,sub_455BF3,352,
0x455D53,sub_455D53,660,
0x455FE7,sub_455FE7,477,
0x4561C4,_setlocale,346,
0x456327,__mtterm,29,
0x456344,__initptd,19,
0x456357,__getptd,113,
0x4563C8,__freefls@4,327,
0x45650F,__freeptd,47,
0x45653E,GetCurrentThreadId,6,
0x456544,GetCurrentThread,6,
0x45654A,__mtinit,239,
0x456640,__allmul,52,
0x456674,sub_456674,161,
0x456720,_strlen,139,
0x4567AB,_isalpha,63,
0x4567EA,_isupper,58,
0x456824,_islower,58,
0x45685E,_isdigit,58,
0x456898,_isxdigit,63,
0x4568D7,_isspace,58,
0x456911,_ispunct,58,
0x45694B,_isalnum,63,
0x45698A,_isprint,63,
0x4569C9,_isgraph,63,
0x456A08,_iscntrl,58,
0x456A42,___isascii,13,
0x456A4F,___toascii,8,
0x456A8B,nullsub_1,1,
0x456A8C,__cfltcvt_init_0,56,
0x456AC4,sub_456AC4,16,
0x456AD4,__fpmath,30,
0x456AF2,__errno,9,
0x456AFB,___doserrno,9,
0x456B04,__dosmaperr,115,
0x456B80,__aulldiv,104,
0x456BE8,__tzset_lk,680,
0x456E90,_cvtdate,440,
0x457048,__isindst_lk,391,
0x4571CF,___tzset,76,
0x45721B,__tzset,53,
0x457250,__isindst,62,
0x45728E,_gmtime,263,
0x457395,sub_457395,434,
0x457547,___crtExitProcess,47,
0x457577,__lockexit,9,
0x457580,__unlockexit,9,
0x457589,__initterm,24,
0x4575A1,__initterm_e,30,
0x4575BF,__cinit,106,
0x457629,_doexit,195,
0x4576EC,_exit,17,
0x4576FD,__exit,17,
0x45770E,__cexit,15,
0x45771D,__c_exit,15,
0x45772C,__msize,118,
0x4577CE,__XcptFilter,356,
0x45794D,sub_45794D,215,
0x457A3C,__inc,22,
0x457A7C,sub_457A7C,3627,
0x4588A7,sub_4588A7,631,
0x458B1E,_has_osfxsr_set,53,
0x458C25,__set_SSE2_enable,20,
0x458C39,__floor_default,211,
0x458D0C,__mbctoupper,133,
0x458D91,__resetstkoflw,227,
0x458E74,_report_failure,48,
0x458EA5,@__security_check_cookie@4,14,
0x458EC0,__alloca_probe,61,
0x458EFD,sub_458EFD,376,
0x45909F,__FF_MSGBANNER,57,
0x4590D8,__wincmdln,93,
0x459135,__setenvp,199,
0x4591FC,_parse_cmdline,364,
0x459368,__setargv,162,
0x45940A,___crtGetEnvironmentStringsA,290,
0x45952C,__ioinit,510,
0x459776,sub_459776,68,
0x4597BA,sub_4597BA,68,
0x4597FE,___crtInitCritSecNoSpinCount@8,16,
0x45980E,___crtInitCritSecAndSpinCount,139,
0x45989C,__global_unwind2,32,
0x4598BC,__unwind_handler,34,
0x4598DE,__local_unwind2,104,
0x459946,__abnormal_termination,35,
0x459969,__NLG_Notify1,9,
0x459972,__NLG_Notify,24,
0x45998A,__ValidateEH3RN,553,
0x459BB3,__lseek_lk,116,
0x459C27,__lseek,171,
0x459CD2,sub_459CD2,444,
0x459E8E,sub_459E8E,171,
0x459F39,__getbuf,68,
0x459F7D,__isatty,42,
0x459FA7,sub_459FA7,6,
0x45A06A,__lock_file,47,
0x45A099,__lock_file2,35,
0x45A0BC,__unlock_file,47,
0x45A0EB,__unlock_file2,35,
0x45A10E,___wctomb_mt,96,
0x45A16E,_wctomb,39,
0x45A195,sub_45A195,6,
0x45A19B,sub_45A19B,6,
0x45A1B0,__aulldvrm,149,
0x45A245,_abort,23,
0x45A25D,___crtGetStringTypeA,442,
0x45A417,__Getdays,127,
0x45A496,__Getmonths,149,
0x45A52B,__Gettnames,563,
0x45A75E,__store_str,32,
0x45A7B4,__store_num,121,
0x45A82D,__expandtime,614,
0x45AA93,__store_winword,1162,
0x45AF1D,sub_45AF1D,195,
0x45AFE0,__Strftime,50,
0x45B02D,sub_45B02D,6,
0x45B033,__get_lc_time,871,
0x45B39A,__free_lc_time,400,
0x45B52A,___init_time,95,
0x45B5BC,___free_lconv_num,95,
0x45B61B,___init_numeric,461,
0x45B81B,___free_lconv_mon,217,
0x45B8F4,___init_monetary,575,
0x45BB33,sub_45BB33,494,
0x45BD21,sub_45BD21,6,
0x45BD27,____lc_codepage_func,25,
0x45BD40,____lc_collate_cp_func,25,
0x45BD72,sub_45BD72,3,
0x45BD80,_strcpy,7,
0x45BD90,_strcat,232,
0x45BE80,_strcspn,70,
0x45BED0,_memset,96,
0x45BF30,_strcmp,136,
0x45BFC0,_memcpy_0,829,
0x45C2FD,_TranslateName,96,
0x45C35D,_GetLcidFromDefault,26,
0x45C377,sub_45C377,122,
0x45C3F1,_TestDefaultCountry,30,
0x45C40F,_crtGetLocaleInfoA@16,227,
0x45C4F2,_LcidFromHexString,53,
0x45C527,_GetPrimaryLen,29,
0x45C544,LocaleEnumProc,152,
0x45C5DC,sub_45C5DC,117,
0x45C651,sub_45C651,542,
0x45C86F,sub_45C86F,207,
0x45C93E,_GetLcidFromCountry,55,
0x45C975,_GetLcidFromLangCountry,134,
0x45C9FB,_GetLcidFromLanguage,85,
0x45CA50,___get_qualified_locale,437,
0x45CC10,_memcmp,184,
0x45CCD0,_strpbrk,64,
0x45CD56,_CPtoLCID,47,
0x45CD85,_setSBCS,41,
0x45CDAE,sub_45CDAE,411,
0x45CF49,___updatetmbcinfo,111,
0x45CFB8,sub_45CFB8,404,
0x45D14C,__getmbcp,16,
0x45D15C,__setmbcp,336,
0x45D2AC,___initmbctable,30,
0x45D2CA,__ZeroTail,50,
0x45D2FC,__IncMan,77,
0x45D349,__RoundMan,114,
0x45D3BB,__CopyMan,27,
0x45D3E2,__IsZeroMan,25,
0x45D3FB,__ShrMan,123,
0x45D476,__ld12cvt,344,
0x45D5CE,sub_45D5CE,22,
0x45D5E4,sub_45D5E4,22,
0x45D5FA,__ld12told,124,
0x45D676,sub_45D676,69,
0x45D701,sub_45D701,69,
0x45D746,sub_45D746,1039,
0x45DBDB,__forcdecpt,60,
0x45DC7C,__fassign,62,
0x45DCBA,__shift,29,
0x45DCD7,__cftoe2,174,
0x45DD85,sub_45DD85,112,
0x45DDF5,__cftof2,156,
0x45DE91,sub_45DE91,103,
0x45DEF8,sub_45DEF8,159,
0x45DF97,__cfltcvt,81,
0x45DFE8,__setdefaultprecision,18,
0x45DFFA,__ms_p5_test_fdiv,64,
0x45E03A,__ms_p5_mp_test_fdiv,41,
0x45E063,_getenv,129,
0x45E0E4,sub_45E0E4,63,
0x45E123,__filbuf,225,
0x45E204,_ungetc,108,
0x45E270,_ungetc_0,69,
0x45E2B5,___mbtowc_mt,192,
0x45E375,_mbtowc,43,
0x45E3A0,sub_45E3A0,3,
0x45E3A3,__raise_exc,677,
0x45E648,__handle_exc,548,
0x45E86C,__set_errno,40,
0x45E8B4,__errcode,45,
0x45E8E1,__umatherr,158,
0x45E97F,__handle_qnan1,83,
0x45E9D2,__handle_qnan2,95,
0x45EA31,sub_45EA31,188,
0x45EBBA,__frnd,17,
0x45EBCB,__set_exp,42,
0x45EC34,__set_bexp,37,
0x45EC59,__sptype,91,
0x45ECB4,__decomp,188,
0x45ED70,__statfp,11,
0x45ED7B,__clrfp,12,
0x45ED87,__ctrlfp,36,
0x45EDAB,__set_statfp,86,
0x45EE1D,sub_45EE1D,982,
0x45F1F3,___security_init_cookie,102,
0x45F259,sub_45F259,331,
0x45F3A4,sub_45F3A4,16,
0x45F3B4,___buffer_overrun,9,
0x45F3C0,sub_45F3C0,16,
0x45F3D0,___crtMessageBoxA,249,
0x45F4C9,_x_ismbbtype,51,
0x45F50D,__ismbbkprint,17,
0x45F51E,__ismbbkpunct,17,
0x45F52F,__ismbbalnum,20,
0x45F543,__ismbbalpha,20,
0x45F557,__ismbbgraph,20,
0x45F56B,__ismbbprint,20,
0x45F57F,__ismbbpunct,17,
0x45F590,__ismbblead,17,
0x45F5A1,__ismbbtrail,17,
0x45F5B2,__ismbbkana,39,
0x45F5D9,__set_osfhnd,124,
0x45F655,__free_osfhnd,127,
0x45F6D4,__get_osfhandle,65,
0x45F715,__lock_fhandle,160,
0x45F7B5,__unlock_fhandle,34,
0x45F7D7,__alloc_osfhnd,380,
0x45F953,__open_osfhandle,188,
0x45FA1A,__lseeki64_lk,131,
0x45FA9D,__lseeki64,190,
0x45FB5B,__fcloseall,155,
0x45FBF6,__flush,93,
0x45FC53,__fflush_lk,46,
0x45FC81,_flsall,213,
0x45FD56,_fflush,70,
0x45FDA6,sub_45FDA6,9,
0x45FDAF,__fptrap,7,
0x45FDB8,_ctrlevent_capture@4,143,
0x45FE47,_siglookup,46,
0x45FE7E,sub_45FE7E,9,
0x45FE87,_signal,417,
0x460028,_raise,377,
0x4601A1,sub_4601A1,71,
0x4601E8,sub_4601E8,474,
0x4603D0,___ascii_stricmp,78,
0x46041E,sub_46041E,304,
0x46054E,__stricmp,105,
0x4605B7,__strnicmp,127,
0x460636,_xtoa,62,
0x460674,__itoa,42,
0x46069E,__ltoa,39,
0x4606C5,__ultoa,26,
0x4606DF,_x64toa@20,109,
0x46074C,__i64toa,49,
0x46077D,__ui64toa,27,
0x460798,___addl,33,
0x4607B9,___add_12,94,
0x460817,___shl_12,46,
0x460845,___shr_12,45,
0x460872,sub_460872,232,
0x46095A,sub_46095A,566,
0x460B90,sub_460B90,142,
0x460C1E,__tolower,8,
0x460C26,___tolower_mt,200,
0x460CEE,_tolower,34,
0x460D10,__fptostr,119,
0x460D87,___dtold,186,
0x460E41,__fltout2,120,
0x460EE4,__abstract_cw,146,
0x460F76,__hw_cw,142,
0x461004,__abstract_sw,57,
0x46103D,__statusfp,16,
0x46104D,__clearfp,17,
0x46105E,__control87,50,
0x461090,__controlfp,22,
0x4610A6,__mbsnbicoll,78,
0x4610F4,___wtomb_environ,144,
0x461184,sub_461184,477,
0x461361,sub_461361,171,
0x46140C,__fclose_lk,76,
0x461458,_fclose,81,
0x4614A9,__commit,188,
0x461565,___crtGetLocaleInfoW,304,
0x461695,___crtGetLocaleInfoA,320,
0x4617E0,___ascii_strnicmp,97,
0x461841,sub_461841,668,
0x461ADD,_strncnt_0,28,
0x461AF9,sub_461AF9,906,
0x461E83,_findenv,77,
0x461ED0,_copy_environ,97,
0x461F31,sub_461F31,470,
0x462107,__close_lk,131,
0x46218A,__close,155,
0x462225,__freebuf,43,
0x462250,__strdup,43,
0x46227B,__mbschr,123,
0x462301,??0?$basic_string@DU?$char_traits@D@std@@V?$allocator@D@2@@std@@QAE@ABV01@@Z,38,
0x462327,sub_462327,60,
0x462363,unknown_libname_4,14,
0x462371,sub_462371,29,
0x46238E,sub_46238E,28,
0x4623C2,sub_4623C2,28,
0x4623DE,sub_4623DE,11,
0x462401,sub_462401,28,
0x46241D,sub_46241D,11,
0x462428,?_Xran@_String_base@std@@QBEXXZ,64,
0x462468,sub_462468,67,
0x4624AB,sub_4624AB,24,
0x4624C3,??0?$basic_string@DU?$char_traits@D@std@@V?$allocator@D@2@@std@@QAE@PBD@Z,34,
0x4624E5,?_Xlen@_String_base@std@@QBEXXZ,64,
0x462525,sub_462525,24,
0x46253E,HeapFree,6,
0x462544,HeapAlloc,6,
0x46254A,CreateDirectoryA,6,
0x462550,GetSystemTimeAsFileTime,6,
0x462556,ExitThread,6,
0x46255C,SetEnvironmentVariableA,6,
0x462562,GetCurrentDirectoryA,6,
0x462568,SetCurrentDirectoryA,6,
0x46256E,GetCurrentThreadId_0,6,
0x462574,GetModuleHandleA,6,
0x46257A,GetCommandLineA,6,
0x462580,HeapDestroy,6,
0x462586,HeapCreate,6,
0x46258C,VirtualFree,6,
0x462592,FatalAppExitA,6,
0x462598,VirtualAlloc,6,
0x46259E,HeapReAlloc,6,
0x4625A4,IsBadWritePtr,6,
0x4625AA,TlsAlloc,6,
0x4625B0,SetLastError,6,
0x4625B6,GetCurrentThread_0,6,
0x4625BC,TlsFree,6,
0x4625C2,TlsSetValue,6,
0x4625C8,TlsGetValue,6,
0x4625CE,GetProcAddress,6,
0x4625D4,WideCharToMultiByte,6,
0x4625DA,GetTimeZoneInformation,6,
0x4625E0,ExitProcess,6,
0x4625E6,TerminateProcess,6,
0x4625EC,GetCurrentProcess,6,
0x4625F2,HeapSize,6,
0x4625F8,UnhandledExceptionFilter,6,
0x4625FE,VirtualProtect,6,
0x462604,GetSystemInfo,6,
0x46260A,VirtualQuery,6,
0x462610,GetStdHandle,6,
0x462616,FreeEnvironmentStringsA,6,
0x46261C,GetEnvironmentStrings,6,
0x462622,FreeEnvironmentStringsW,6,
0x462628,GetEnvironmentStringsW,6,
0x46262E,SetHandleCount,6,
0x462634,GetFileType,6,
0x46263A,RtlUnwind,6,
0x462640,InterlockedExchange,6,
0x462646,GetStringTypeA,6,
0x46264C,GetStringTypeW,6,
0x462652,GetTimeFormatA,6,
0x462658,GetDateFormatA,6,
0x46265E,GetCPInfo,6,
0x462664,GetUserDefaultLCID,6,
0x46266A,GetLocaleInfoA,6,
0x462670,EnumSystemLocalesA,6,
0x462676,IsValidLocale,6,
0x46267C,IsValidCodePage,6,
0x462682,GetACP,6,
0x462688,GetOEMCP,6,
0x46268E,RaiseException,6,
0x462694,LCMapStringA,6,
0x46269A,LCMapStringW,6,
0x4626A0,GetTickCount,6,
0x4626A6,GetCurrentProcessId,6,
0x4626AC,LoadLibraryA,6,
0x4626B2,SetStdHandle,6,
0x4626B8,SetConsoleCtrlHandler,6,
0x4626BE,FlushFileBuffers,6,
0x4626C4,GetLocaleInfoW,6,
0x4626CA,CompareStringA,6,
0x4626D0,CompareStringW,6,
0x4626D6,?_JumpToContinuation@@YGXPAXPAUEHRegistrationNode@@@Z,43,
0x462706,sub_462706,7,
0x46270D,sub_46270D,7,
0x462714,sub_462714,7,
0x46271B,?_UnwindNestedFrames@@YGXPAUEHRegistrationNode@@PAUEHExceptionRecord@@@Z,82,
0x46276D,___CxxFrameHandler,54,
0x4627A3,___CxxLongjmpUnwind@4,26,
0x4627BD,?CatchGuardHandler@@YA?AW4_EXCEPTION_DISPOSITION@@PAUEHExceptionRecord@@PAUCatchGuardRN@@PAX2@Z,59,
0x4627F8,?_CallSETranslator@@YAHPAUEHExceptionRecord@@PAUEHRegistrationNode@@PAX2PBU_s_FuncInfo@@H1@Z,199,
0x4628BF,?TranslatorGuardHandler@@YA?AW4_EXCEPTION_DISPOSITION@@PAUEHExceptionRecord@@PAUTranslatorGuardRN@@PAX2@Z,178,
0x462971,?_GetRangeOfTrysToCheck@@YAPBU_s_TryBlockMapEntry@@PBU_s_FuncInfo@@HHPAI1@Z,122,
0x4629EB,?_CreateFrameInfo@@YAPAUFrameInfo@@PAU1@PAX@Z,40,
0x462A13,?IsExceptionObjectToBeDestroyed@@YAHPAX@Z,33,
0x462A34,?_FindAndUnlinkFrame@@YAXPAUFrameInfo@@@Z,76,
0x462A80,?_CallCatchBlock2@@YAPAXPAUEHRegistrationNode@@PBU_s_FuncInfo@@PAXHK@Z,89,
0x462ADC,__EH_prolog,31,
0x462AFB,__CxxThrowException@8,58,
0x462B35,??1type_info@@UAE@XZ,70,
0x462B7B,??_Gtype_info@@UAEPAXI@Z,28,
0x462BCE,?before@type_info@@QBEHABV1@@Z,31,
0x462BED,sub_462BED,4,
0x462BF1,sub_462BF1,11,
0x462BFC,sub_462BFC,5,
0x462C01,sub_462C01,17,
0x462C12,sub_462C12,72,
0x462C5A,sub_462C5A,82,
0x462CAC,sub_462CAC,22,
0x462CC2,?what@exception@@UBEPBDXZ,13,
0x462D00,sub_462D00,11,
0x462D0B,sub_462D0B,25,
0x462D24,sub_462D24,24,
0x462D3C,sub_462D3C,11,
0x462D77,sub_462D77,11,
0x462D82,sub_462D82,28,
0x462D9E,??4exception@@QAEAAV0@ABV0@@Z,31,
0x462DBD,sub_462DBD,28,
0x462DD9,sub_462DD9,28,
0x462DF5,sub_462DF5,28,
0x462E11,?TypeMatch@@YAHPBU_s_HandlerType@@PBU_s_CatchableType@@PBU_s_ThrowInfo@@@Z,79,
0x462E60,?FrameUnwindFilter@@YAHPAU_EXCEPTION_POINTERS@@@Z,30,
0x462E7E,___FrameUnwindToState,206,
0x462F4C,?ExFilterRethrow@@YAHPAU_EXCEPTION_POINTERS@@@Z,48,
0x462F7C,___DestructExceptionObject,69,
0x462FC1,?AdjustPointer@@YAPAXPAXABUPMD@@@Z,31,
0x462FE0,?__uncaught_exception@@YA_NXZ,19,
0x462FF3,___CxxRegisterExceptionObject,163,
0x463096,___CxxDetectRethrow,56,
0x4630CE,___CxxUnregisterExceptionObject,158,
0x46316C,sub_46316C,4,
0x463170,___CxxCallUnwindDtor,46,
0x46319E,___CxxCallUnwindVecDtor,55,
0x4631D5,?CallCatchBlock@@YAPAXPAUEHExceptionRecord@@PAUEHRegistrationNode@@PAU_CONTEXT@@PBU_s_FuncInfo@@PAXHK@Z,452,
0x463399,?BuildCatchObject@@YAXPAUEHExceptionRecord@@PAXPBU_s_HandlerType@@PBU_s_CatchableType@@@Z,380,
0x463515,___CxxExceptionFilter,293,
0x46363A,?CatchIt@@YAXPAUEHExceptionRecord@@PAUEHRegistrationNode@@PAU_CONTEXT@@PAXPBU_s_FuncInfo@@PBU_s_HandlerType@@PBU_s_CatchableType@@PBU_s_TryBlockMapEntry@@H1E@Z,103,
0x4636A1,?FindHandlerForForeignException@@YAXPAUEHExceptionRecord@@PAUEHRegistrationNode@@PAU_CONTEXT@@PAXPBU_s_FuncInfo@@HH1@Z,190,
0x46375F,?FindHandler@@YAXPAUEHExceptionRecord@@PAUEHRegistrationNode@@PAU_CONTEXT@@PAXPBU_s_FuncInfo@@EH1@Z,516,
0x463963,___InternalCxxFrameHandler,162,
0x463A10,__CallSettingFrame@12,76,
0x463A5C,?__CxxUnhandledExceptionFilter@@YGJPAU_EXCEPTION_POINTERS@@@Z,78,
0x463ACA,?_ValidateRead@@YAHPBXI@Z,28,
0x463AE6,?_ValidateWrite@@YAHPAXI@Z,28,
0x463B02,?_ValidateExecute@@YAHP6GHXZ@Z,24,
0x463B1A,SetUnhandledExceptionFilter,6,
0x463B20,IsBadReadPtr,6,
0x463B26,IsBadCodePtr,6,
0x463B2C,__ftol2,117,
0x463BB0,_fmod,10,
0x463BBA,__CIfmod,10,
0x463BF0,__CIacos,20,
0x463C04,_acos,9,
0x463C0D,start_0,174,
0x463CC0,__cintrindisp2,62,
0x463CFE,__cintrindisp1,61,
0x463D3B,__ctrandisp2,72,
0x463D83,ctranexit,7,
0x463D8A,cintrinexit,327,
0x463ED1,__ctrandisp1,51,
0x463F04,__fload,60,
0x463F40,__trandisp1,103,
0x463FA7,__trandisp2,140,
0x4640F9,__rttosnpopde,10,
0x464109,chsifnegret,1,
0x464110,unknown_libname_7,279,
0x464227,unknown_libname_8,1183,
0x4646C6,unknown_libname_9,19,
0x4646D9,unknown_libname_10,19,
0x4648EC,unknown_libname_19,21,
0x464901,unknown_libname_20,21,
0x464916,unknown_libname_21,518,
0x464B1C,unknown_libname_22,178,
0x464BCE,unknown_libname_23,518,
0x464DD4,unknown_libname_24,181,
0x464EA0,__startTwoArgErrorHandling,23,
0x464EB7,__startOneArgErrorHandling,60,
0x464F00,__twoToTOS,21,
0x464F15,__load_CW,23,
0x464F2C,__convertTOStoQNaN,25,
0x464F45,__fload_withFB,67,
0x464F88,__checkTOS_withFB,22,
0x464FD5,__check_overflow_exit,183,
0x46508C,sub_46508C,252,
0x465A70,nullsub_69,1,
0x465A80,nullsub_70,1,
